--
-- PostgreSQL database dump
--

\restrict iiPPDelm321KYdsOAB9YVL3NJMnz5cncjxSj1wZnr9blylKJSYgf43xxq1Nlum4

-- Dumped from database version 18.3
-- Dumped by pg_dump version 18.3

SET statement_timeout = 0;
SET lock_timeout = 0;
SET idle_in_transaction_session_timeout = 0;
SET transaction_timeout = 0;
SET client_encoding = 'UTF8';
SET standard_conforming_strings = on;
SELECT pg_catalog.set_config('search_path', '', false);
SET check_function_bodies = false;
SET xmloption = content;
SET client_min_messages = warning;
SET row_security = off;

SET default_tablespace = '';

SET default_table_access_method = heap;

--
-- Name: tb_customers; Type: TABLE; Schema: public; Owner: postgres
--

CREATE TABLE public.tb_customers (
    customer_id character varying(20) NOT NULL,
    nama_lengkap character varying(100) NOT NULL,
    gender character varying(10),
    kota_domisili character varying(50),
    tgl_daftar date NOT NULL,
    CONSTRAINT tb_customers_gender_check CHECK (((gender)::text = ANY ((ARRAY['Laki-laki'::character varying, 'Perempuan'::character varying])::text[])))
);


ALTER TABLE public.tb_customers OWNER TO postgres;

--
-- Name: tb_products; Type: TABLE; Schema: public; Owner: postgres
--

CREATE TABLE public.tb_products (
    product_id character varying(20) NOT NULL,
    sku character varying(50) NOT NULL,
    nama_produk character varying(100) NOT NULL,
    kategori character varying(50) NOT NULL,
    harga_beli numeric(12,2) NOT NULL,
    harga_jual numeric(12,2) NOT NULL
);


ALTER TABLE public.tb_products OWNER TO postgres;

--
-- Name: tb_sales_details; Type: TABLE; Schema: public; Owner: postgres
--

CREATE TABLE public.tb_sales_details (
    detail_id integer NOT NULL,
    transaction_id character varying(50),
    product_id character varying(20),
    qty integer NOT NULL,
    subtotal_harga numeric(12,2) NOT NULL,
    CONSTRAINT tb_sales_details_qty_check CHECK ((qty > 0))
);


ALTER TABLE public.tb_sales_details OWNER TO postgres;

--
-- Name: tb_sales_details_detail_id_seq; Type: SEQUENCE; Schema: public; Owner: postgres
--

CREATE SEQUENCE public.tb_sales_details_detail_id_seq
    AS integer
    START WITH 1
    INCREMENT BY 1
    NO MINVALUE
    NO MAXVALUE
    CACHE 1;


ALTER SEQUENCE public.tb_sales_details_detail_id_seq OWNER TO postgres;

--
-- Name: tb_sales_details_detail_id_seq; Type: SEQUENCE OWNED BY; Schema: public; Owner: postgres
--

ALTER SEQUENCE public.tb_sales_details_detail_id_seq OWNED BY public.tb_sales_details.detail_id;


--
-- Name: tb_sales_headers; Type: TABLE; Schema: public; Owner: postgres
--

CREATE TABLE public.tb_sales_headers (
    transaction_id character varying(50) NOT NULL,
    tgl_transaksi date NOT NULL,
    waktu_transaksi time without time zone NOT NULL,
    customer_id character varying(20),
    store_id character varying(20),
    metode_pembayaran character varying(50) NOT NULL,
    CONSTRAINT tb_sales_headers_metode_pembayaran_check CHECK (((metode_pembayaran)::text = ANY ((ARRAY['Cash'::character varying, 'Debit'::character varying, 'QRIS'::character varying, 'Credit Card'::character varying])::text[])))
);


ALTER TABLE public.tb_sales_headers OWNER TO postgres;

--
-- Name: tb_stores; Type: TABLE; Schema: public; Owner: postgres
--

CREATE TABLE public.tb_stores (
    store_id character varying(20) NOT NULL,
    nama_toko character varying(100) NOT NULL,
    kota character varying(50) NOT NULL,
    tipe_toko character varying(50) NOT NULL,
    CONSTRAINT tb_stores_tipe_toko_check CHECK (((tipe_toko)::text = ANY ((ARRAY['Minimarket'::character varying, 'Distribusi'::character varying])::text[])))
);


ALTER TABLE public.tb_stores OWNER TO postgres;

--
-- Name: tb_sales_details detail_id; Type: DEFAULT; Schema: public; Owner: postgres
--

ALTER TABLE ONLY public.tb_sales_details ALTER COLUMN detail_id SET DEFAULT nextval('public.tb_sales_details_detail_id_seq'::regclass);


--
-- Data for Name: tb_customers; Type: TABLE DATA; Schema: public; Owner: postgres
--

COPY public.tb_customers (customer_id, nama_lengkap, gender, kota_domisili, tgl_daftar) FROM stdin;
CUST-1000	Fitria Ardianto	Perempuan	Singkawang	2024-01-13
CUST-1001	Nadia Winarno	Perempuan	Sintang	2024-02-28
CUST-1002	R.A. Usyi Nugroho, S.Pd	Perempuan	Mempawah	2024-06-02
CUST-1003	Hana Usada	Laki-laki	Singkawang	2023-06-01
CUST-1004	Harsaya Budiman	Laki-laki	Sintang	2023-11-07
CUST-1005	Sutan Waluyo Pranowo	Laki-laki	Pontianak	2024-04-06
CUST-1006	KH. Ghani Mandasari	Laki-laki	Sintang	2023-12-16
CUST-1007	Najib Yuliarti	Perempuan	Mempawah	2023-08-18
CUST-1008	dr. Bakijan Nuraini, S.Pt	Perempuan	Sintang	2023-09-08
CUST-1009	Diana Mahendra	Laki-laki	Mempawah	2023-09-25
CUST-1010	Dt. Galak Tarihoran	Laki-laki	Pontianak	2024-05-16
CUST-1011	Saiful Budiman	Laki-laki	Pontianak	2023-10-06
CUST-1012	Hafshah Simbolon, S.I.Kom	Perempuan	Sambas	2024-05-23
CUST-1013	Ir. Nurul Purnawati, S.Kom	Perempuan	Ketapang	2023-09-26
CUST-1014	Dodo Hariyah	Laki-laki	Pontianak	2023-06-17
CUST-1015	Teguh Sudiati	Laki-laki	Ketapang	2023-08-31
CUST-1016	drg. Pandu Prayoga, S.Pt	Perempuan	Ketapang	2023-05-15
CUST-1017	Karta Kurniawan	Laki-laki	Bengkayang	2023-09-11
CUST-1018	Dr. Darmana Haryanto	Perempuan	Pontianak	2023-05-04
CUST-1019	R.A. Cornelia Setiawan, S.Ked	Perempuan	Bengkayang	2023-08-23
CUST-1020	R. Anastasia Winarsih	Perempuan	Bengkayang	2024-06-22
CUST-1021	Ade Iswahyudi	Laki-laki	Pontianak	2023-10-08
CUST-1022	Gaiman Susanti, S.Farm	Perempuan	Sintang	2023-07-03
CUST-1023	Ir. Farah Uwais, M.Kom.	Perempuan	Singkawang	2024-05-09
CUST-1024	Alika Haryanto	Laki-laki	Sambas	2023-05-29
CUST-1025	KH. Nrima Usada	Perempuan	Singkawang	2023-01-27
CUST-1026	Ajeng Oktaviani	Laki-laki	Pontianak	2023-11-11
CUST-1027	dr. Kamaria Najmudin, S.H.	Perempuan	Sintang	2023-06-18
CUST-1028	dr. Warsa Wijaya, M.Ak	Laki-laki	Bengkayang	2024-01-14
CUST-1029	Rama Maryati	Laki-laki	Sambas	2023-12-23
CUST-1030	Najwa Purnawati	Laki-laki	Mempawah	2024-05-19
CUST-1031	Purwanto Safitri	Laki-laki	Ketapang	2024-05-31
CUST-1032	Hartaka Hassanah	Perempuan	Mempawah	2024-01-10
CUST-1033	Saka Simanjuntak	Laki-laki	Singkawang	2023-06-01
CUST-1034	Mahdi Wastuti	Laki-laki	Pontianak	2023-01-24
CUST-1035	Halima Saputra	Laki-laki	Sambas	2023-11-19
CUST-1036	Restu Simanjuntak	Laki-laki	Singkawang	2024-05-19
CUST-1037	Diah Waskita	Perempuan	Mempawah	2023-01-03
CUST-1038	Rangga Wijayanti	Laki-laki	Sambas	2024-02-13
CUST-1039	Kasiyah Hastuti	Perempuan	Singkawang	2024-02-10
CUST-1040	Tania Mulyani	Laki-laki	Ketapang	2024-06-22
CUST-1041	Kartika Suwarno	Laki-laki	Ketapang	2023-05-07
CUST-1042	Yani Rajasa	Perempuan	Mempawah	2023-01-07
CUST-1043	Ibun Saptono	Perempuan	Sambas	2023-11-04
CUST-1044	Salimah Farida	Laki-laki	Pontianak	2024-05-25
CUST-1045	Upik Saragih	Perempuan	Pontianak	2023-12-28
CUST-1046	Dartono Pratama, S.Psi	Laki-laki	Ketapang	2024-02-27
CUST-1047	H. Ilyas Wasita	Laki-laki	Sambas	2024-02-11
CUST-1048	Naradi Samosir, S.Ked	Laki-laki	Singkawang	2023-10-20
CUST-1049	Drs. Devi Habibi	Laki-laki	Sintang	2023-10-11
CUST-1050	Ir. Ina Kuswandari, S.Psi	Perempuan	Bengkayang	2023-04-04
CUST-1051	Ana Yuniar	Perempuan	Pontianak	2023-04-21
CUST-1052	Paris Budiyanto	Laki-laki	Bengkayang	2023-10-15
CUST-1053	Dr. Laila Marbun, S.Kom	Perempuan	Pontianak	2023-11-06
CUST-1054	Silvia Haryanti	Perempuan	Pontianak	2023-10-09
CUST-1055	Michelle Prakasa	Laki-laki	Sambas	2024-04-03
CUST-1056	Vera Zulaika, S.Psi	Perempuan	Singkawang	2024-02-08
CUST-1057	Dewi Maulana	Laki-laki	Mempawah	2024-01-27
CUST-1058	Puti Najmudin, S.IP	Perempuan	Pontianak	2023-11-13
CUST-1059	Indah Haryanti	Perempuan	Sambas	2023-08-16
CUST-1060	Maida Wibowo	Perempuan	Sintang	2023-12-31
CUST-1061	Drs. Luis Aryani, M.Pd	Laki-laki	Sintang	2023-09-28
CUST-1062	R. Intan Suryono, S.Psi	Laki-laki	Sambas	2023-10-23
CUST-1063	Cindy Saputra	Laki-laki	Sambas	2024-05-13
CUST-1064	Ir. Warji Astuti	Perempuan	Mempawah	2024-02-06
CUST-1065	Farah Mangunsong	Perempuan	Sambas	2023-11-17
CUST-1066	Ajimin Manullang, S.Gz	Laki-laki	Sintang	2024-06-11
CUST-1067	H. Ajiono Pradana	Perempuan	Singkawang	2023-01-18
CUST-1068	Hj. Zaenab Prasasta, S.I.Kom	Perempuan	Ketapang	2023-02-26
CUST-1069	Violet Hassanah	Perempuan	Sintang	2023-02-23
CUST-1070	Hj. Intan Budiyanto, S.Gz	Perempuan	Ketapang	2023-01-22
CUST-1071	Gatot Yulianti	Laki-laki	Bengkayang	2024-06-21
CUST-1072	Ayu Simanjuntak	Laki-laki	Singkawang	2023-09-28
CUST-1073	Raisa Usada	Laki-laki	Ketapang	2024-05-12
CUST-1074	Cawisadi Suartini	Laki-laki	Sambas	2024-04-20
CUST-1075	Tiara Fujiati	Perempuan	Mempawah	2023-06-07
CUST-1076	Tantri Mangunsong	Perempuan	Singkawang	2024-06-19
CUST-1077	Gaman Rahmawati	Laki-laki	Ketapang	2023-03-22
CUST-1078	Prasetyo Yuniar	Perempuan	Singkawang	2024-04-18
CUST-1079	drg. Melinda Marpaung	Laki-laki	Sintang	2023-07-15
CUST-1080	Tgk. Hani Putra, S.Pd	Laki-laki	Mempawah	2023-12-31
CUST-1081	Sutan Irsad Sihombing, M.Kom.	Perempuan	Bengkayang	2024-05-15
CUST-1082	Mumpuni Haryanti	Laki-laki	Singkawang	2023-03-11
CUST-1083	Salwa Puspasari	Laki-laki	Singkawang	2024-05-11
CUST-1084	Farhunnisa Damanik, M.M.	Perempuan	Singkawang	2024-05-13
CUST-1085	Salman Siregar	Laki-laki	Singkawang	2023-11-10
CUST-1086	Rizki Hakim	Perempuan	Mempawah	2023-08-31
CUST-1087	Maman Rajata, M.Pd	Laki-laki	Bengkayang	2024-06-24
CUST-1088	Himawan Adriansyah, M.TI.	Laki-laki	Mempawah	2023-06-29
CUST-1089	Vera Santoso	Perempuan	Bengkayang	2023-02-09
CUST-1090	Upik Prabowo	Perempuan	Sintang	2023-10-31
CUST-1091	Dr. Karman Winarno	Laki-laki	Singkawang	2024-04-19
CUST-1092	dr. Gada Laksita, S.Kom	Perempuan	Pontianak	2023-04-27
CUST-1093	Kayla Nainggolan, S.E.	Laki-laki	Bengkayang	2024-01-08
CUST-1094	Lintang Maheswara	Laki-laki	Sintang	2023-10-30
CUST-1095	Estiawan Maheswara	Perempuan	Sintang	2024-03-09
CUST-1096	Tgk. Clara Rahimah, S.Sos	Laki-laki	Ketapang	2023-06-23
CUST-1097	Gamblang Widodo	Perempuan	Sintang	2023-11-28
CUST-1098	Raina Permata	Perempuan	Pontianak	2024-03-18
CUST-1099	Tgk. Utama Dabukke, S.H.	Laki-laki	Bengkayang	2023-07-09
CUST-0001	Budi Santoso	Laki-laki	Pontianak	2023-01-15
CUST-0002	Siti Aminah	Perempuan	Sintang	2023-02-20
CUST-0003	Hendra Wijaya	Laki-laki	Singkawang	2023-05-10
CUST-0004	Maria Lestari	Perempuan	Pontianak	2023-08-05
CUST-0005	Dian Pratama	Laki-laki	Ketapang	2024-01-12
\.


--
-- Data for Name: tb_products; Type: TABLE DATA; Schema: public; Owner: postgres
--

COPY public.tb_products (product_id, sku, nama_produk, kategori, harga_beli, harga_jual) FROM stdin;
PRD-007	SKU-SNK-003	Lempok Durian Pontianak 200gr	Makanan Ringan	35000.00	45000.00
PRD-009	SKU-SEM-003	Gula Pasir 1kg	Sembako	15000.00	18000.00
PRD-010	SKU-KEB-001	Sabun Mandi Cair 400ml	Kebutuhan Harian	22000.00	28000.00
PRD-011	SKU-KEB-002	Pasta Gigi 190gr	Kebutuhan Harian	12000.00	16000.00
PRD-008	SKU-MIN-003	Sirup Marjan	Minuman	20000.00	28000.00
PRD-001	SKU-MIN-001	Air Mineral Pegunungan 600ml	Minuman	2000.00	3500.00
PRD-002	SKU-MIN-002	Kopi Bubuk Aming 200gr	Minuman	18000.00	25000.00
PRD-003	SKU-SNK-001	Keripik Keladi Pontianak	Makanan Ringan	12000.00	18000.00
PRD-004	SKU-SNK-002	Cokelat Lidah Buaya	Makanan Ringan	15000.00	22000.00
PRD-005	SKU-SEM-001	Beras Lokal Pilihan 5kg	Sembako	55000.00	65000.00
PRD-006	SKU-SEM-002	Minyak Goreng Sawit 2L	Sembako	28000.00	34000.00
\.


--
-- Data for Name: tb_sales_details; Type: TABLE DATA; Schema: public; Owner: postgres
--

COPY public.tb_sales_details (detail_id, transaction_id, product_id, qty, subtotal_harga) FROM stdin;
1	TRX-99801	PRD-002	2	50000.00
2	TRX-99801	PRD-003	1	18000.00
3	TRX-99802	PRD-005	1	65000.00
4	TRX-99802	PRD-006	1	34000.00
5	TRX-99802	PRD-001	2	7000.00
6	TRX-99803	PRD-004	3	66000.00
7	TRX-100000	PRD-007	3	135000.00
8	TRX-100000	PRD-002	3	75000.00
9	TRX-100000	PRD-004	4	88000.00
10	TRX-100000	PRD-011	2	32000.00
11	TRX-100001	PRD-011	5	80000.00
12	TRX-100002	PRD-005	2	130000.00
13	TRX-100002	PRD-004	2	44000.00
14	TRX-100002	PRD-006	3	102000.00
15	TRX-100002	PRD-002	1	25000.00
16	TRX-100003	PRD-005	1	65000.00
17	TRX-100003	PRD-006	1	34000.00
18	TRX-100004	PRD-007	3	135000.00
19	TRX-100004	PRD-005	1	65000.00
20	TRX-100004	PRD-003	3	54000.00
21	TRX-100004	PRD-009	3	54000.00
22	TRX-100005	PRD-002	5	125000.00
23	TRX-100005	PRD-001	2	7000.00
24	TRX-100005	PRD-006	3	102000.00
25	TRX-100006	PRD-003	4	72000.00
26	TRX-100006	PRD-011	4	64000.00
27	TRX-100006	PRD-010	5	140000.00
28	TRX-100007	PRD-005	2	130000.00
29	TRX-100007	PRD-010	2	56000.00
30	TRX-100007	PRD-007	4	180000.00
31	TRX-100008	PRD-010	2	56000.00
32	TRX-100009	PRD-011	5	80000.00
33	TRX-100010	PRD-003	4	72000.00
34	TRX-100010	PRD-009	3	54000.00
35	TRX-100010	PRD-011	3	48000.00
36	TRX-100010	PRD-008	5	140000.00
37	TRX-100011	PRD-004	3	66000.00
38	TRX-100012	PRD-002	3	75000.00
39	TRX-100012	PRD-011	3	48000.00
40	TRX-100012	PRD-004	2	44000.00
41	TRX-100012	PRD-007	4	180000.00
42	TRX-100013	PRD-008	1	28000.00
43	TRX-100013	PRD-007	4	180000.00
44	TRX-100013	PRD-011	2	32000.00
45	TRX-100013	PRD-005	5	325000.00
46	TRX-100014	PRD-002	2	50000.00
47	TRX-100014	PRD-004	1	22000.00
48	TRX-100014	PRD-005	4	260000.00
49	TRX-100014	PRD-006	4	136000.00
50	TRX-100015	PRD-006	4	136000.00
51	TRX-100016	PRD-009	2	36000.00
52	TRX-100016	PRD-005	4	260000.00
53	TRX-100017	PRD-007	1	45000.00
54	TRX-100017	PRD-011	5	80000.00
55	TRX-100018	PRD-006	1	34000.00
56	TRX-100018	PRD-005	5	325000.00
57	TRX-100019	PRD-008	1	28000.00
58	TRX-100019	PRD-010	2	56000.00
59	TRX-100019	PRD-006	3	102000.00
60	TRX-100019	PRD-011	5	80000.00
61	TRX-100020	PRD-001	4	14000.00
62	TRX-100021	PRD-011	4	64000.00
63	TRX-100021	PRD-005	5	325000.00
64	TRX-100021	PRD-009	2	36000.00
65	TRX-100021	PRD-004	5	110000.00
66	TRX-100022	PRD-009	1	18000.00
67	TRX-100023	PRD-003	1	18000.00
68	TRX-100023	PRD-002	2	50000.00
69	TRX-100023	PRD-007	4	180000.00
70	TRX-100024	PRD-001	3	10500.00
71	TRX-100025	PRD-002	3	75000.00
72	TRX-100026	PRD-002	1	25000.00
73	TRX-100026	PRD-006	1	34000.00
74	TRX-100027	PRD-002	3	75000.00
75	TRX-100027	PRD-006	4	136000.00
76	TRX-100027	PRD-007	2	90000.00
77	TRX-100028	PRD-001	4	14000.00
78	TRX-100028	PRD-006	5	170000.00
79	TRX-100028	PRD-005	1	65000.00
80	TRX-100028	PRD-009	4	72000.00
81	TRX-100029	PRD-010	3	84000.00
82	TRX-100029	PRD-009	2	36000.00
83	TRX-100029	PRD-007	4	180000.00
84	TRX-100029	PRD-006	5	170000.00
85	TRX-100030	PRD-007	4	180000.00
86	TRX-100030	PRD-003	2	36000.00
87	TRX-100030	PRD-005	1	65000.00
88	TRX-100031	PRD-011	4	64000.00
89	TRX-100031	PRD-003	2	36000.00
90	TRX-100032	PRD-005	5	325000.00
91	TRX-100033	PRD-003	2	36000.00
92	TRX-100033	PRD-006	5	170000.00
93	TRX-100033	PRD-004	2	44000.00
94	TRX-100033	PRD-009	3	54000.00
95	TRX-100034	PRD-008	4	112000.00
96	TRX-100034	PRD-003	4	72000.00
97	TRX-100034	PRD-001	5	17500.00
98	TRX-100035	PRD-010	4	112000.00
99	TRX-100035	PRD-009	5	90000.00
100	TRX-100035	PRD-004	1	22000.00
101	TRX-100036	PRD-011	2	32000.00
102	TRX-100037	PRD-009	5	90000.00
103	TRX-100037	PRD-006	4	136000.00
104	TRX-100037	PRD-005	5	325000.00
105	TRX-100037	PRD-002	1	25000.00
106	TRX-100038	PRD-003	5	90000.00
107	TRX-100038	PRD-001	1	3500.00
108	TRX-100038	PRD-008	2	56000.00
109	TRX-100039	PRD-011	3	48000.00
110	TRX-100040	PRD-009	5	90000.00
111	TRX-100041	PRD-006	5	170000.00
112	TRX-100041	PRD-001	3	10500.00
113	TRX-100041	PRD-008	1	28000.00
114	TRX-100041	PRD-009	1	18000.00
115	TRX-100042	PRD-008	1	28000.00
116	TRX-100043	PRD-005	2	130000.00
117	TRX-100043	PRD-006	2	68000.00
118	TRX-100043	PRD-003	4	72000.00
119	TRX-100044	PRD-008	4	112000.00
120	TRX-100044	PRD-004	4	88000.00
121	TRX-100044	PRD-009	2	36000.00
122	TRX-100044	PRD-006	2	68000.00
123	TRX-100045	PRD-011	2	32000.00
124	TRX-100045	PRD-009	5	90000.00
125	TRX-100045	PRD-004	1	22000.00
126	TRX-100046	PRD-003	5	90000.00
127	TRX-100046	PRD-007	1	45000.00
128	TRX-100046	PRD-011	2	32000.00
129	TRX-100047	PRD-010	1	28000.00
130	TRX-100047	PRD-006	3	102000.00
131	TRX-100047	PRD-002	2	50000.00
132	TRX-100048	PRD-008	4	112000.00
133	TRX-100048	PRD-002	2	50000.00
134	TRX-100049	PRD-001	2	7000.00
135	TRX-100050	PRD-010	5	140000.00
136	TRX-100050	PRD-002	2	50000.00
137	TRX-100050	PRD-006	4	136000.00
138	TRX-100050	PRD-009	5	90000.00
139	TRX-100051	PRD-006	2	68000.00
140	TRX-100052	PRD-011	3	48000.00
141	TRX-100052	PRD-006	5	170000.00
142	TRX-100052	PRD-001	5	17500.00
143	TRX-100052	PRD-003	1	18000.00
144	TRX-100053	PRD-007	1	45000.00
145	TRX-100054	PRD-008	2	56000.00
146	TRX-100054	PRD-006	4	136000.00
147	TRX-100054	PRD-003	2	36000.00
148	TRX-100054	PRD-005	5	325000.00
149	TRX-100055	PRD-001	4	14000.00
150	TRX-100055	PRD-009	1	18000.00
151	TRX-100056	PRD-001	5	17500.00
152	TRX-100056	PRD-008	4	112000.00
153	TRX-100057	PRD-005	1	65000.00
154	TRX-100058	PRD-004	4	88000.00
155	TRX-100058	PRD-007	2	90000.00
156	TRX-100058	PRD-002	2	50000.00
157	TRX-100058	PRD-011	4	64000.00
158	TRX-100059	PRD-005	3	195000.00
159	TRX-100059	PRD-009	4	72000.00
160	TRX-100060	PRD-008	1	28000.00
161	TRX-100060	PRD-006	3	102000.00
162	TRX-100060	PRD-003	1	18000.00
163	TRX-100060	PRD-009	5	90000.00
164	TRX-100061	PRD-001	2	7000.00
165	TRX-100061	PRD-002	4	100000.00
166	TRX-100061	PRD-011	1	16000.00
167	TRX-100061	PRD-004	3	66000.00
168	TRX-100062	PRD-001	4	14000.00
169	TRX-100062	PRD-005	2	130000.00
170	TRX-100062	PRD-010	3	84000.00
171	TRX-100063	PRD-005	5	325000.00
172	TRX-100063	PRD-003	5	90000.00
173	TRX-100063	PRD-010	1	28000.00
174	TRX-100063	PRD-009	3	54000.00
175	TRX-100064	PRD-007	1	45000.00
176	TRX-100064	PRD-009	4	72000.00
177	TRX-100064	PRD-001	3	10500.00
178	TRX-100065	PRD-011	3	48000.00
179	TRX-100065	PRD-010	5	140000.00
180	TRX-100065	PRD-009	5	90000.00
181	TRX-100065	PRD-005	1	65000.00
182	TRX-100066	PRD-006	5	170000.00
183	TRX-100067	PRD-007	5	225000.00
184	TRX-100068	PRD-004	1	22000.00
185	TRX-100068	PRD-007	4	180000.00
186	TRX-100068	PRD-010	5	140000.00
187	TRX-100068	PRD-003	3	54000.00
188	TRX-100069	PRD-003	5	90000.00
189	TRX-100070	PRD-007	4	180000.00
190	TRX-100070	PRD-003	2	36000.00
191	TRX-100070	PRD-008	2	56000.00
192	TRX-100070	PRD-004	3	66000.00
193	TRX-100071	PRD-008	2	56000.00
194	TRX-100072	PRD-007	5	225000.00
195	TRX-100073	PRD-007	3	135000.00
196	TRX-100073	PRD-011	2	32000.00
197	TRX-100073	PRD-002	1	25000.00
198	TRX-100073	PRD-003	4	72000.00
199	TRX-100074	PRD-003	5	90000.00
200	TRX-100074	PRD-005	2	130000.00
201	TRX-100074	PRD-006	4	136000.00
202	TRX-100075	PRD-008	2	56000.00
203	TRX-100075	PRD-009	3	54000.00
204	TRX-100075	PRD-004	2	44000.00
205	TRX-100076	PRD-001	1	3500.00
206	TRX-100077	PRD-005	3	195000.00
207	TRX-100078	PRD-003	3	54000.00
208	TRX-100078	PRD-008	3	84000.00
209	TRX-100078	PRD-005	4	260000.00
210	TRX-100079	PRD-004	4	88000.00
211	TRX-100080	PRD-002	4	100000.00
212	TRX-100080	PRD-003	5	90000.00
213	TRX-100081	PRD-001	1	3500.00
214	TRX-100081	PRD-011	3	48000.00
215	TRX-100081	PRD-003	1	18000.00
216	TRX-100081	PRD-002	1	25000.00
217	TRX-100082	PRD-005	5	325000.00
218	TRX-100082	PRD-009	2	36000.00
219	TRX-100083	PRD-004	4	88000.00
220	TRX-100084	PRD-001	3	10500.00
221	TRX-100084	PRD-010	2	56000.00
222	TRX-100085	PRD-003	2	36000.00
223	TRX-100085	PRD-008	5	140000.00
224	TRX-100085	PRD-009	3	54000.00
225	TRX-100086	PRD-009	1	18000.00
226	TRX-100086	PRD-005	3	195000.00
227	TRX-100087	PRD-011	3	48000.00
228	TRX-100087	PRD-010	2	56000.00
229	TRX-100087	PRD-004	2	44000.00
230	TRX-100087	PRD-008	5	140000.00
231	TRX-100088	PRD-001	2	7000.00
232	TRX-100089	PRD-009	4	72000.00
233	TRX-100089	PRD-007	3	135000.00
234	TRX-100089	PRD-006	5	170000.00
235	TRX-100089	PRD-010	1	28000.00
236	TRX-100090	PRD-006	4	136000.00
237	TRX-100090	PRD-001	3	10500.00
238	TRX-100091	PRD-008	1	28000.00
239	TRX-100092	PRD-002	4	100000.00
240	TRX-100093	PRD-004	4	88000.00
241	TRX-100093	PRD-002	3	75000.00
242	TRX-100093	PRD-001	4	14000.00
243	TRX-100093	PRD-009	1	18000.00
244	TRX-100094	PRD-009	5	90000.00
245	TRX-100094	PRD-004	5	110000.00
246	TRX-100095	PRD-004	4	88000.00
247	TRX-100096	PRD-002	1	25000.00
248	TRX-100096	PRD-004	4	88000.00
249	TRX-100097	PRD-010	1	28000.00
250	TRX-100097	PRD-004	4	88000.00
251	TRX-100098	PRD-002	1	25000.00
252	TRX-100099	PRD-002	5	125000.00
253	TRX-100099	PRD-005	1	65000.00
254	TRX-100100	PRD-001	5	17500.00
255	TRX-100100	PRD-011	5	80000.00
256	TRX-100100	PRD-004	3	66000.00
257	TRX-100101	PRD-007	5	225000.00
258	TRX-100102	PRD-004	2	44000.00
259	TRX-100102	PRD-006	3	102000.00
260	TRX-100102	PRD-010	4	112000.00
261	TRX-100103	PRD-009	3	54000.00
262	TRX-100103	PRD-006	2	68000.00
263	TRX-100104	PRD-001	2	7000.00
264	TRX-100105	PRD-004	2	44000.00
265	TRX-100105	PRD-007	4	180000.00
266	TRX-100105	PRD-008	2	56000.00
267	TRX-100106	PRD-002	3	75000.00
268	TRX-100107	PRD-011	2	32000.00
269	TRX-100107	PRD-004	4	88000.00
270	TRX-100107	PRD-003	4	72000.00
271	TRX-100108	PRD-007	1	45000.00
272	TRX-100108	PRD-006	1	34000.00
273	TRX-100109	PRD-002	2	50000.00
274	TRX-100110	PRD-010	4	112000.00
275	TRX-100110	PRD-011	5	80000.00
276	TRX-100110	PRD-006	5	170000.00
277	TRX-100111	PRD-008	1	28000.00
278	TRX-100112	PRD-001	5	17500.00
279	TRX-100113	PRD-009	1	18000.00
280	TRX-100113	PRD-001	2	7000.00
281	TRX-100113	PRD-003	3	54000.00
282	TRX-100114	PRD-008	2	56000.00
283	TRX-100115	PRD-005	2	130000.00
284	TRX-100115	PRD-006	1	34000.00
285	TRX-100115	PRD-011	3	48000.00
286	TRX-100116	PRD-004	4	88000.00
287	TRX-100116	PRD-008	1	28000.00
288	TRX-100116	PRD-009	3	54000.00
289	TRX-100116	PRD-005	2	130000.00
290	TRX-100117	PRD-003	5	90000.00
291	TRX-100117	PRD-008	4	112000.00
292	TRX-100118	PRD-007	2	90000.00
293	TRX-100119	PRD-006	4	136000.00
294	TRX-100119	PRD-010	2	56000.00
295	TRX-100119	PRD-004	3	66000.00
296	TRX-100119	PRD-003	5	90000.00
297	TRX-100120	PRD-011	5	80000.00
298	TRX-100120	PRD-004	1	22000.00
299	TRX-100121	PRD-003	5	90000.00
300	TRX-100121	PRD-006	3	102000.00
301	TRX-100121	PRD-009	1	18000.00
302	TRX-100121	PRD-010	1	28000.00
303	TRX-100122	PRD-009	2	36000.00
304	TRX-100122	PRD-010	4	112000.00
305	TRX-100122	PRD-001	2	7000.00
306	TRX-100123	PRD-005	3	195000.00
307	TRX-100124	PRD-004	1	22000.00
308	TRX-100124	PRD-008	5	140000.00
309	TRX-100124	PRD-007	4	180000.00
310	TRX-100124	PRD-003	5	90000.00
311	TRX-100125	PRD-004	2	44000.00
312	TRX-100125	PRD-005	1	65000.00
313	TRX-100125	PRD-003	4	72000.00
314	TRX-100125	PRD-006	5	170000.00
315	TRX-100126	PRD-009	3	54000.00
316	TRX-100126	PRD-001	2	7000.00
317	TRX-100127	PRD-001	4	14000.00
318	TRX-100127	PRD-008	1	28000.00
319	TRX-100127	PRD-006	4	136000.00
320	TRX-100127	PRD-005	4	260000.00
321	TRX-100128	PRD-011	4	64000.00
322	TRX-100128	PRD-009	1	18000.00
323	TRX-100129	PRD-005	1	65000.00
324	TRX-100129	PRD-006	4	136000.00
325	TRX-100129	PRD-003	5	90000.00
326	TRX-100129	PRD-009	4	72000.00
327	TRX-100130	PRD-007	2	90000.00
328	TRX-100130	PRD-003	1	18000.00
329	TRX-100130	PRD-011	5	80000.00
330	TRX-100130	PRD-009	3	54000.00
331	TRX-100131	PRD-003	2	36000.00
332	TRX-100132	PRD-007	2	90000.00
333	TRX-100133	PRD-008	5	140000.00
334	TRX-100134	PRD-004	4	88000.00
335	TRX-100135	PRD-008	5	140000.00
336	TRX-100135	PRD-004	3	66000.00
337	TRX-100135	PRD-003	5	90000.00
338	TRX-100135	PRD-009	2	36000.00
339	TRX-100136	PRD-004	2	44000.00
340	TRX-100137	PRD-009	5	90000.00
341	TRX-100138	PRD-011	5	80000.00
342	TRX-100138	PRD-008	5	140000.00
343	TRX-100138	PRD-005	5	325000.00
344	TRX-100139	PRD-007	1	45000.00
345	TRX-100140	PRD-004	5	110000.00
346	TRX-100140	PRD-006	5	170000.00
347	TRX-100140	PRD-008	5	140000.00
348	TRX-100141	PRD-002	2	50000.00
349	TRX-100141	PRD-003	1	18000.00
350	TRX-100141	PRD-006	3	102000.00
351	TRX-100142	PRD-004	2	44000.00
352	TRX-100143	PRD-008	4	112000.00
353	TRX-100143	PRD-004	4	88000.00
354	TRX-100143	PRD-006	5	170000.00
355	TRX-100144	PRD-004	5	110000.00
356	TRX-100144	PRD-005	5	325000.00
357	TRX-100145	PRD-001	5	17500.00
358	TRX-100145	PRD-011	2	32000.00
359	TRX-100145	PRD-006	4	136000.00
360	TRX-100146	PRD-011	4	64000.00
361	TRX-100147	PRD-003	4	72000.00
362	TRX-100148	PRD-006	3	102000.00
363	TRX-100149	PRD-007	4	180000.00
364	TRX-100149	PRD-003	2	36000.00
365	TRX-100149	PRD-005	1	65000.00
366	TRX-100149	PRD-010	5	140000.00
367	TRX-100150	PRD-001	5	17500.00
368	TRX-100150	PRD-002	1	25000.00
369	TRX-100150	PRD-007	4	180000.00
370	TRX-100151	PRD-008	1	28000.00
371	TRX-100152	PRD-011	5	80000.00
372	TRX-100152	PRD-010	1	28000.00
373	TRX-100152	PRD-008	3	84000.00
374	TRX-100152	PRD-001	2	7000.00
375	TRX-100153	PRD-009	5	90000.00
376	TRX-100153	PRD-004	1	22000.00
377	TRX-100153	PRD-002	2	50000.00
378	TRX-100154	PRD-001	2	7000.00
379	TRX-100154	PRD-011	2	32000.00
380	TRX-100154	PRD-007	2	90000.00
381	TRX-100154	PRD-005	3	195000.00
382	TRX-100155	PRD-002	3	75000.00
383	TRX-100155	PRD-001	3	10500.00
384	TRX-100156	PRD-007	3	135000.00
385	TRX-100157	PRD-004	5	110000.00
386	TRX-100157	PRD-005	4	260000.00
387	TRX-100157	PRD-011	1	16000.00
388	TRX-100158	PRD-002	4	100000.00
389	TRX-100158	PRD-001	3	10500.00
390	TRX-100158	PRD-004	4	88000.00
391	TRX-100159	PRD-009	5	90000.00
392	TRX-100159	PRD-003	1	18000.00
393	TRX-100159	PRD-005	5	325000.00
394	TRX-100160	PRD-006	1	34000.00
395	TRX-100160	PRD-008	5	140000.00
396	TRX-100160	PRD-001	4	14000.00
397	TRX-100161	PRD-007	4	180000.00
398	TRX-100162	PRD-010	5	140000.00
399	TRX-100163	PRD-010	2	56000.00
400	TRX-100163	PRD-008	4	112000.00
401	TRX-100164	PRD-010	4	112000.00
402	TRX-100164	PRD-005	1	65000.00
403	TRX-100165	PRD-002	2	50000.00
404	TRX-100166	PRD-011	2	32000.00
405	TRX-100166	PRD-004	2	44000.00
406	TRX-100166	PRD-002	1	25000.00
407	TRX-100167	PRD-005	2	130000.00
408	TRX-100167	PRD-001	4	14000.00
409	TRX-100167	PRD-002	5	125000.00
410	TRX-100167	PRD-011	3	48000.00
411	TRX-100168	PRD-010	1	28000.00
412	TRX-100168	PRD-009	5	90000.00
413	TRX-100168	PRD-007	5	225000.00
414	TRX-100169	PRD-005	5	325000.00
415	TRX-100169	PRD-006	4	136000.00
416	TRX-100169	PRD-009	3	54000.00
417	TRX-100170	PRD-007	3	135000.00
418	TRX-100170	PRD-005	5	325000.00
419	TRX-100171	PRD-001	3	10500.00
420	TRX-100171	PRD-007	4	180000.00
421	TRX-100172	PRD-010	2	56000.00
422	TRX-100172	PRD-007	5	225000.00
423	TRX-100172	PRD-011	5	80000.00
424	TRX-100173	PRD-004	2	44000.00
425	TRX-100174	PRD-006	3	102000.00
426	TRX-100174	PRD-011	2	32000.00
427	TRX-100175	PRD-009	3	54000.00
428	TRX-100175	PRD-008	3	84000.00
429	TRX-100175	PRD-005	4	260000.00
430	TRX-100175	PRD-007	4	180000.00
431	TRX-100176	PRD-006	3	102000.00
432	TRX-100176	PRD-003	2	36000.00
433	TRX-100177	PRD-004	4	88000.00
434	TRX-100177	PRD-002	4	100000.00
435	TRX-100177	PRD-009	4	72000.00
436	TRX-100177	PRD-005	2	130000.00
437	TRX-100178	PRD-010	4	112000.00
438	TRX-100178	PRD-009	1	18000.00
439	TRX-100178	PRD-003	4	72000.00
440	TRX-100178	PRD-011	5	80000.00
441	TRX-100179	PRD-001	1	3500.00
442	TRX-100180	PRD-008	3	84000.00
443	TRX-100180	PRD-001	1	3500.00
444	TRX-100180	PRD-010	5	140000.00
445	TRX-100180	PRD-011	1	16000.00
446	TRX-100181	PRD-002	3	75000.00
447	TRX-100181	PRD-010	4	112000.00
448	TRX-100181	PRD-006	4	136000.00
449	TRX-100181	PRD-004	4	88000.00
450	TRX-100182	PRD-009	2	36000.00
451	TRX-100183	PRD-008	3	84000.00
452	TRX-100184	PRD-009	5	90000.00
453	TRX-100184	PRD-003	1	18000.00
454	TRX-100184	PRD-001	2	7000.00
455	TRX-100184	PRD-007	1	45000.00
456	TRX-100185	PRD-010	3	84000.00
457	TRX-100185	PRD-001	5	17500.00
458	TRX-100185	PRD-003	1	18000.00
459	TRX-100186	PRD-010	3	84000.00
460	TRX-100187	PRD-011	4	64000.00
461	TRX-100188	PRD-001	5	17500.00
462	TRX-100189	PRD-002	1	25000.00
463	TRX-100189	PRD-001	1	3500.00
464	TRX-100189	PRD-009	3	54000.00
465	TRX-100190	PRD-005	3	195000.00
466	TRX-100190	PRD-004	2	44000.00
467	TRX-100190	PRD-001	5	17500.00
468	TRX-100190	PRD-002	3	75000.00
469	TRX-100191	PRD-003	2	36000.00
470	TRX-100191	PRD-008	3	84000.00
471	TRX-100192	PRD-001	5	17500.00
472	TRX-100192	PRD-008	5	140000.00
473	TRX-100192	PRD-010	5	140000.00
474	TRX-100192	PRD-011	4	64000.00
475	TRX-100193	PRD-008	2	56000.00
476	TRX-100193	PRD-011	2	32000.00
477	TRX-100193	PRD-009	4	72000.00
478	TRX-100194	PRD-006	3	102000.00
479	TRX-100194	PRD-004	3	66000.00
480	TRX-100194	PRD-008	3	84000.00
481	TRX-100195	PRD-009	4	72000.00
482	TRX-100195	PRD-008	2	56000.00
483	TRX-100195	PRD-007	3	135000.00
484	TRX-100195	PRD-004	4	88000.00
485	TRX-100196	PRD-007	1	45000.00
486	TRX-100197	PRD-006	3	102000.00
487	TRX-100197	PRD-007	5	225000.00
488	TRX-100197	PRD-005	4	260000.00
489	TRX-100197	PRD-002	2	50000.00
490	TRX-100198	PRD-011	4	64000.00
491	TRX-100199	PRD-002	4	100000.00
492	TRX-100199	PRD-011	3	48000.00
493	TRX-100200	PRD-003	1	18000.00
494	TRX-100200	PRD-011	3	48000.00
495	TRX-100200	PRD-008	1	28000.00
496	TRX-100200	PRD-001	3	10500.00
497	TRX-100201	PRD-004	3	66000.00
498	TRX-100201	PRD-005	5	325000.00
499	TRX-100201	PRD-003	1	18000.00
500	TRX-100201	PRD-011	3	48000.00
501	TRX-100202	PRD-007	4	180000.00
502	TRX-100202	PRD-005	4	260000.00
503	TRX-100202	PRD-008	4	112000.00
504	TRX-100203	PRD-009	4	72000.00
505	TRX-100204	PRD-005	2	130000.00
506	TRX-100205	PRD-004	5	110000.00
507	TRX-100205	PRD-001	2	7000.00
508	TRX-100205	PRD-006	3	102000.00
509	TRX-100206	PRD-011	3	48000.00
510	TRX-100206	PRD-009	3	54000.00
511	TRX-100206	PRD-004	3	66000.00
512	TRX-100207	PRD-003	1	18000.00
513	TRX-100208	PRD-007	5	225000.00
514	TRX-100208	PRD-003	3	54000.00
515	TRX-100208	PRD-006	2	68000.00
516	TRX-100208	PRD-004	5	110000.00
517	TRX-100209	PRD-011	4	64000.00
518	TRX-100210	PRD-004	1	22000.00
519	TRX-100211	PRD-003	3	54000.00
520	TRX-100212	PRD-004	1	22000.00
521	TRX-100212	PRD-001	5	17500.00
522	TRX-100212	PRD-008	4	112000.00
523	TRX-100213	PRD-011	5	80000.00
524	TRX-100213	PRD-010	5	140000.00
525	TRX-100213	PRD-004	1	22000.00
526	TRX-100214	PRD-007	1	45000.00
527	TRX-100214	PRD-006	5	170000.00
528	TRX-100214	PRD-011	5	80000.00
529	TRX-100214	PRD-001	2	7000.00
530	TRX-100215	PRD-001	4	14000.00
531	TRX-100215	PRD-003	2	36000.00
532	TRX-100215	PRD-008	5	140000.00
533	TRX-100215	PRD-007	2	90000.00
534	TRX-100216	PRD-008	4	112000.00
535	TRX-100216	PRD-004	4	88000.00
536	TRX-100216	PRD-011	4	64000.00
537	TRX-100216	PRD-002	5	125000.00
538	TRX-100217	PRD-003	5	90000.00
539	TRX-100217	PRD-004	5	110000.00
540	TRX-100217	PRD-010	5	140000.00
541	TRX-100218	PRD-008	2	56000.00
542	TRX-100219	PRD-011	3	48000.00
543	TRX-100220	PRD-011	1	16000.00
544	TRX-100220	PRD-006	2	68000.00
545	TRX-100220	PRD-010	3	84000.00
546	TRX-100221	PRD-005	2	130000.00
547	TRX-100221	PRD-003	4	72000.00
548	TRX-100221	PRD-010	3	84000.00
549	TRX-100222	PRD-006	1	34000.00
550	TRX-100222	PRD-001	3	10500.00
551	TRX-100223	PRD-004	2	44000.00
552	TRX-100224	PRD-005	3	195000.00
553	TRX-100225	PRD-004	1	22000.00
554	TRX-100226	PRD-011	4	64000.00
555	TRX-100227	PRD-010	3	84000.00
556	TRX-100227	PRD-007	4	180000.00
557	TRX-100228	PRD-006	4	136000.00
558	TRX-100228	PRD-008	2	56000.00
559	TRX-100229	PRD-003	4	72000.00
560	TRX-100229	PRD-001	1	3500.00
561	TRX-100229	PRD-011	2	32000.00
562	TRX-100229	PRD-002	5	125000.00
563	TRX-100230	PRD-001	1	3500.00
564	TRX-100230	PRD-007	2	90000.00
565	TRX-100230	PRD-004	4	88000.00
566	TRX-100230	PRD-010	5	140000.00
567	TRX-100231	PRD-003	3	54000.00
568	TRX-100232	PRD-004	1	22000.00
569	TRX-100232	PRD-001	1	3500.00
570	TRX-100233	PRD-011	3	48000.00
571	TRX-100233	PRD-009	1	18000.00
572	TRX-100233	PRD-005	5	325000.00
573	TRX-100233	PRD-004	1	22000.00
574	TRX-100234	PRD-007	5	225000.00
575	TRX-100234	PRD-006	3	102000.00
576	TRX-100234	PRD-008	5	140000.00
577	TRX-100235	PRD-006	3	102000.00
578	TRX-100235	PRD-008	2	56000.00
579	TRX-100235	PRD-009	2	36000.00
580	TRX-100236	PRD-001	1	3500.00
581	TRX-100237	PRD-002	3	75000.00
582	TRX-100237	PRD-008	3	84000.00
583	TRX-100237	PRD-006	3	102000.00
584	TRX-100237	PRD-003	4	72000.00
585	TRX-100238	PRD-007	4	180000.00
586	TRX-100238	PRD-011	4	64000.00
587	TRX-100238	PRD-001	2	7000.00
588	TRX-100238	PRD-009	4	72000.00
589	TRX-100239	PRD-002	3	75000.00
590	TRX-100239	PRD-007	4	180000.00
591	TRX-100240	PRD-008	3	84000.00
592	TRX-100240	PRD-007	1	45000.00
593	TRX-100240	PRD-010	5	140000.00
594	TRX-100241	PRD-001	2	7000.00
595	TRX-100241	PRD-003	1	18000.00
596	TRX-100242	PRD-002	3	75000.00
597	TRX-100242	PRD-004	1	22000.00
598	TRX-100243	PRD-010	3	84000.00
599	TRX-100243	PRD-001	2	7000.00
600	TRX-100243	PRD-007	3	135000.00
601	TRX-100243	PRD-003	4	72000.00
602	TRX-100244	PRD-003	2	36000.00
603	TRX-100245	PRD-008	3	84000.00
604	TRX-100246	PRD-001	5	17500.00
605	TRX-100247	PRD-001	4	14000.00
606	TRX-100247	PRD-007	1	45000.00
607	TRX-100248	PRD-009	4	72000.00
608	TRX-100248	PRD-001	5	17500.00
609	TRX-100249	PRD-008	2	56000.00
610	TRX-100249	PRD-011	3	48000.00
611	TRX-100249	PRD-005	4	260000.00
612	TRX-100250	PRD-004	1	22000.00
613	TRX-100250	PRD-005	4	260000.00
614	TRX-100250	PRD-008	5	140000.00
615	TRX-100251	PRD-003	5	90000.00
616	TRX-100252	PRD-010	3	84000.00
617	TRX-100252	PRD-004	2	44000.00
618	TRX-100252	PRD-002	4	100000.00
619	TRX-100252	PRD-005	4	260000.00
620	TRX-100253	PRD-006	4	136000.00
621	TRX-100254	PRD-009	2	36000.00
622	TRX-100254	PRD-006	1	34000.00
623	TRX-100254	PRD-001	5	17500.00
624	TRX-100255	PRD-006	4	136000.00
625	TRX-100255	PRD-008	2	56000.00
626	TRX-100256	PRD-002	2	50000.00
627	TRX-100257	PRD-010	2	56000.00
628	TRX-100257	PRD-001	4	14000.00
629	TRX-100258	PRD-006	5	170000.00
630	TRX-100258	PRD-002	1	25000.00
631	TRX-100258	PRD-010	3	84000.00
632	TRX-100259	PRD-009	4	72000.00
633	TRX-100260	PRD-007	1	45000.00
634	TRX-100260	PRD-001	2	7000.00
635	TRX-100260	PRD-009	3	54000.00
636	TRX-100260	PRD-005	4	260000.00
637	TRX-100261	PRD-004	5	110000.00
638	TRX-100262	PRD-006	5	170000.00
639	TRX-100263	PRD-001	2	7000.00
640	TRX-100263	PRD-005	5	325000.00
641	TRX-100263	PRD-007	1	45000.00
642	TRX-100263	PRD-006	4	136000.00
643	TRX-100264	PRD-006	4	136000.00
644	TRX-100264	PRD-009	1	18000.00
645	TRX-100264	PRD-010	5	140000.00
646	TRX-100264	PRD-002	4	100000.00
647	TRX-100265	PRD-001	3	10500.00
648	TRX-100266	PRD-001	5	17500.00
649	TRX-100266	PRD-005	5	325000.00
650	TRX-100266	PRD-002	2	50000.00
651	TRX-100266	PRD-009	2	36000.00
652	TRX-100267	PRD-011	3	48000.00
653	TRX-100267	PRD-003	4	72000.00
654	TRX-100267	PRD-004	1	22000.00
655	TRX-100268	PRD-009	4	72000.00
656	TRX-100268	PRD-008	1	28000.00
657	TRX-100269	PRD-002	5	125000.00
658	TRX-100269	PRD-008	5	140000.00
659	TRX-100270	PRD-009	3	54000.00
660	TRX-100270	PRD-004	5	110000.00
661	TRX-100270	PRD-008	5	140000.00
662	TRX-100270	PRD-002	4	100000.00
663	TRX-100271	PRD-002	5	125000.00
664	TRX-100271	PRD-004	4	88000.00
665	TRX-100271	PRD-005	3	195000.00
666	TRX-100272	PRD-008	1	28000.00
667	TRX-100272	PRD-010	4	112000.00
668	TRX-100272	PRD-011	3	48000.00
669	TRX-100273	PRD-003	3	54000.00
670	TRX-100273	PRD-009	3	54000.00
671	TRX-100274	PRD-006	3	102000.00
672	TRX-100274	PRD-009	3	54000.00
673	TRX-100275	PRD-005	2	130000.00
674	TRX-100276	PRD-001	2	7000.00
675	TRX-100276	PRD-011	1	16000.00
676	TRX-100277	PRD-001	2	7000.00
677	TRX-100278	PRD-007	5	225000.00
678	TRX-100279	PRD-008	3	84000.00
679	TRX-100279	PRD-003	4	72000.00
680	TRX-100279	PRD-011	3	48000.00
681	TRX-100279	PRD-009	4	72000.00
682	TRX-100280	PRD-011	2	32000.00
683	TRX-100281	PRD-001	1	3500.00
684	TRX-100281	PRD-002	2	50000.00
685	TRX-100281	PRD-006	4	136000.00
686	TRX-100282	PRD-001	5	17500.00
687	TRX-100283	PRD-009	3	54000.00
688	TRX-100284	PRD-004	1	22000.00
689	TRX-100285	PRD-005	4	260000.00
690	TRX-100285	PRD-010	2	56000.00
691	TRX-100285	PRD-002	5	125000.00
692	TRX-100285	PRD-006	2	68000.00
693	TRX-100286	PRD-001	5	17500.00
694	TRX-100286	PRD-009	2	36000.00
695	TRX-100287	PRD-010	3	84000.00
696	TRX-100288	PRD-005	5	325000.00
697	TRX-100288	PRD-011	4	64000.00
698	TRX-100288	PRD-009	2	36000.00
699	TRX-100288	PRD-003	3	54000.00
700	TRX-100289	PRD-011	3	48000.00
701	TRX-100289	PRD-009	5	90000.00
702	TRX-100289	PRD-005	1	65000.00
703	TRX-100290	PRD-004	4	88000.00
704	TRX-100290	PRD-008	5	140000.00
705	TRX-100290	PRD-006	5	170000.00
706	TRX-100290	PRD-010	1	28000.00
707	TRX-100291	PRD-002	2	50000.00
708	TRX-100291	PRD-008	1	28000.00
709	TRX-100291	PRD-010	4	112000.00
710	TRX-100291	PRD-001	1	3500.00
711	TRX-100292	PRD-006	3	102000.00
712	TRX-100292	PRD-004	1	22000.00
713	TRX-100293	PRD-009	4	72000.00
714	TRX-100294	PRD-001	1	3500.00
715	TRX-100294	PRD-009	3	54000.00
716	TRX-100295	PRD-005	4	260000.00
717	TRX-100296	PRD-010	1	28000.00
718	TRX-100296	PRD-011	3	48000.00
719	TRX-100296	PRD-007	5	225000.00
720	TRX-100296	PRD-008	5	140000.00
721	TRX-100297	PRD-007	1	45000.00
722	TRX-100297	PRD-011	4	64000.00
723	TRX-100298	PRD-010	2	56000.00
724	TRX-100298	PRD-005	1	65000.00
725	TRX-100298	PRD-001	2	7000.00
726	TRX-100299	PRD-002	3	75000.00
727	TRX-100300	PRD-003	3	54000.00
728	TRX-100300	PRD-011	4	64000.00
729	TRX-100300	PRD-008	2	56000.00
730	TRX-100300	PRD-005	5	325000.00
731	TRX-100301	PRD-004	4	88000.00
732	TRX-100301	PRD-009	5	90000.00
733	TRX-100301	PRD-003	2	36000.00
734	TRX-100301	PRD-010	1	28000.00
735	TRX-100302	PRD-001	4	14000.00
736	TRX-100302	PRD-011	2	32000.00
737	TRX-100302	PRD-002	5	125000.00
738	TRX-100303	PRD-011	1	16000.00
739	TRX-100303	PRD-007	2	90000.00
740	TRX-100303	PRD-008	4	112000.00
741	TRX-100304	PRD-010	3	84000.00
742	TRX-100304	PRD-003	1	18000.00
743	TRX-100304	PRD-002	3	75000.00
744	TRX-100304	PRD-005	5	325000.00
745	TRX-100305	PRD-006	5	170000.00
746	TRX-100305	PRD-003	5	90000.00
747	TRX-100305	PRD-009	3	54000.00
748	TRX-100305	PRD-007	5	225000.00
749	TRX-100306	PRD-004	1	22000.00
750	TRX-100306	PRD-002	3	75000.00
751	TRX-100306	PRD-008	4	112000.00
752	TRX-100306	PRD-001	5	17500.00
753	TRX-100307	PRD-005	5	325000.00
754	TRX-100308	PRD-011	5	80000.00
755	TRX-100308	PRD-005	1	65000.00
756	TRX-100308	PRD-008	3	84000.00
757	TRX-100309	PRD-008	4	112000.00
758	TRX-100309	PRD-006	2	68000.00
759	TRX-100310	PRD-003	1	18000.00
760	TRX-100311	PRD-010	4	112000.00
761	TRX-100311	PRD-009	4	72000.00
762	TRX-100311	PRD-001	5	17500.00
763	TRX-100312	PRD-009	4	72000.00
764	TRX-100313	PRD-008	2	56000.00
765	TRX-100314	PRD-009	4	72000.00
766	TRX-100314	PRD-010	4	112000.00
767	TRX-100314	PRD-007	5	225000.00
768	TRX-100315	PRD-010	4	112000.00
769	TRX-100315	PRD-003	4	72000.00
770	TRX-100316	PRD-008	4	112000.00
771	TRX-100316	PRD-007	1	45000.00
772	TRX-100316	PRD-009	2	36000.00
773	TRX-100317	PRD-011	5	80000.00
774	TRX-100317	PRD-004	2	44000.00
775	TRX-100318	PRD-001	2	7000.00
776	TRX-100319	PRD-002	2	50000.00
777	TRX-100319	PRD-011	3	48000.00
778	TRX-100319	PRD-007	5	225000.00
779	TRX-100320	PRD-003	5	90000.00
780	TRX-100320	PRD-011	2	32000.00
781	TRX-100320	PRD-010	4	112000.00
782	TRX-100321	PRD-004	2	44000.00
783	TRX-100321	PRD-005	5	325000.00
784	TRX-100321	PRD-011	3	48000.00
785	TRX-100322	PRD-006	1	34000.00
786	TRX-100322	PRD-001	1	3500.00
787	TRX-100323	PRD-004	1	22000.00
788	TRX-100323	PRD-010	3	84000.00
789	TRX-100324	PRD-007	5	225000.00
790	TRX-100324	PRD-009	3	54000.00
791	TRX-100324	PRD-004	4	88000.00
792	TRX-100325	PRD-002	5	125000.00
793	TRX-100326	PRD-002	3	75000.00
794	TRX-100326	PRD-008	3	84000.00
795	TRX-100327	PRD-004	3	66000.00
796	TRX-100327	PRD-007	2	90000.00
797	TRX-100328	PRD-003	5	90000.00
798	TRX-100328	PRD-001	2	7000.00
799	TRX-100328	PRD-004	5	110000.00
800	TRX-100328	PRD-002	2	50000.00
801	TRX-100329	PRD-005	2	130000.00
802	TRX-100329	PRD-002	5	125000.00
803	TRX-100329	PRD-004	1	22000.00
804	TRX-100329	PRD-007	3	135000.00
805	TRX-100330	PRD-008	2	56000.00
806	TRX-100330	PRD-007	5	225000.00
807	TRX-100330	PRD-001	4	14000.00
808	TRX-100331	PRD-006	4	136000.00
809	TRX-100331	PRD-005	2	130000.00
810	TRX-100332	PRD-010	1	28000.00
811	TRX-100332	PRD-002	2	50000.00
812	TRX-100333	PRD-010	2	56000.00
813	TRX-100334	PRD-001	4	14000.00
814	TRX-100335	PRD-001	4	14000.00
815	TRX-100335	PRD-008	4	112000.00
816	TRX-100335	PRD-010	4	112000.00
817	TRX-100336	PRD-001	5	17500.00
818	TRX-100336	PRD-009	5	90000.00
819	TRX-100336	PRD-004	5	110000.00
820	TRX-100336	PRD-005	2	130000.00
821	TRX-100337	PRD-006	2	68000.00
822	TRX-100338	PRD-001	5	17500.00
823	TRX-100338	PRD-010	2	56000.00
824	TRX-100339	PRD-004	5	110000.00
825	TRX-100339	PRD-011	1	16000.00
826	TRX-100339	PRD-009	4	72000.00
827	TRX-100340	PRD-010	4	112000.00
828	TRX-100340	PRD-009	1	18000.00
829	TRX-100340	PRD-004	5	110000.00
830	TRX-100340	PRD-011	5	80000.00
831	TRX-100341	PRD-005	2	130000.00
832	TRX-100341	PRD-006	5	170000.00
833	TRX-100342	PRD-011	1	16000.00
834	TRX-100342	PRD-003	5	90000.00
835	TRX-100343	PRD-001	1	3500.00
836	TRX-100343	PRD-004	4	88000.00
837	TRX-100343	PRD-010	4	112000.00
838	TRX-100343	PRD-005	2	130000.00
839	TRX-100344	PRD-009	5	90000.00
840	TRX-100344	PRD-005	3	195000.00
841	TRX-100344	PRD-007	3	135000.00
842	TRX-100345	PRD-007	1	45000.00
843	TRX-100345	PRD-005	5	325000.00
844	TRX-100345	PRD-009	3	54000.00
845	TRX-100345	PRD-006	3	102000.00
846	TRX-100346	PRD-007	3	135000.00
847	TRX-100346	PRD-001	2	7000.00
848	TRX-100346	PRD-005	4	260000.00
849	TRX-100346	PRD-004	1	22000.00
850	TRX-100347	PRD-002	4	100000.00
851	TRX-100348	PRD-007	2	90000.00
852	TRX-100348	PRD-004	4	88000.00
853	TRX-100348	PRD-009	3	54000.00
854	TRX-100348	PRD-011	5	80000.00
855	TRX-100349	PRD-002	4	100000.00
856	TRX-100349	PRD-010	3	84000.00
857	TRX-100349	PRD-011	3	48000.00
858	TRX-100350	PRD-001	1	3500.00
859	TRX-100350	PRD-007	5	225000.00
860	TRX-100350	PRD-004	2	44000.00
861	TRX-100350	PRD-011	3	48000.00
862	TRX-100351	PRD-001	4	14000.00
863	TRX-100351	PRD-005	1	65000.00
864	TRX-100352	PRD-010	3	84000.00
865	TRX-100352	PRD-007	4	180000.00
866	TRX-100352	PRD-001	2	7000.00
867	TRX-100353	PRD-011	3	48000.00
868	TRX-100354	PRD-007	2	90000.00
869	TRX-100354	PRD-006	2	68000.00
870	TRX-100354	PRD-009	5	90000.00
871	TRX-100354	PRD-005	2	130000.00
872	TRX-100355	PRD-002	1	25000.00
873	TRX-100355	PRD-011	3	48000.00
874	TRX-100355	PRD-006	3	102000.00
875	TRX-100356	PRD-008	1	28000.00
876	TRX-100356	PRD-009	5	90000.00
877	TRX-100356	PRD-003	3	54000.00
878	TRX-100357	PRD-005	3	195000.00
879	TRX-100357	PRD-004	3	66000.00
880	TRX-100357	PRD-009	2	36000.00
881	TRX-100357	PRD-011	5	80000.00
882	TRX-100358	PRD-010	1	28000.00
883	TRX-100358	PRD-005	2	130000.00
884	TRX-100358	PRD-006	5	170000.00
885	TRX-100358	PRD-002	5	125000.00
886	TRX-100359	PRD-002	2	50000.00
887	TRX-100359	PRD-006	5	170000.00
888	TRX-100359	PRD-004	1	22000.00
889	TRX-100360	PRD-011	2	32000.00
890	TRX-100360	PRD-006	1	34000.00
891	TRX-100360	PRD-003	4	72000.00
892	TRX-100360	PRD-004	2	44000.00
893	TRX-100361	PRD-005	3	195000.00
894	TRX-100362	PRD-008	3	84000.00
895	TRX-100362	PRD-002	1	25000.00
896	TRX-100362	PRD-010	2	56000.00
897	TRX-100362	PRD-005	5	325000.00
898	TRX-100363	PRD-008	5	140000.00
899	TRX-100363	PRD-004	1	22000.00
900	TRX-100363	PRD-009	4	72000.00
901	TRX-100364	PRD-004	3	66000.00
902	TRX-100364	PRD-008	2	56000.00
903	TRX-100365	PRD-007	3	135000.00
904	TRX-100366	PRD-010	5	140000.00
905	TRX-100366	PRD-007	1	45000.00
906	TRX-100366	PRD-006	2	68000.00
907	TRX-100367	PRD-007	5	225000.00
908	TRX-100367	PRD-011	5	80000.00
909	TRX-100367	PRD-009	2	36000.00
910	TRX-100367	PRD-002	3	75000.00
911	TRX-100368	PRD-009	1	18000.00
912	TRX-100368	PRD-003	1	18000.00
913	TRX-100368	PRD-008	5	140000.00
914	TRX-100368	PRD-001	2	7000.00
915	TRX-100369	PRD-004	3	66000.00
916	TRX-100370	PRD-011	3	48000.00
917	TRX-100370	PRD-001	5	17500.00
918	TRX-100370	PRD-003	5	90000.00
919	TRX-100370	PRD-007	5	225000.00
920	TRX-100371	PRD-007	3	135000.00
921	TRX-100371	PRD-010	5	140000.00
922	TRX-100372	PRD-011	2	32000.00
923	TRX-100373	PRD-008	4	112000.00
924	TRX-100373	PRD-002	4	100000.00
925	TRX-100373	PRD-011	4	64000.00
926	TRX-100373	PRD-009	1	18000.00
927	TRX-100374	PRD-006	5	170000.00
928	TRX-100374	PRD-005	3	195000.00
929	TRX-100375	PRD-006	4	136000.00
930	TRX-100375	PRD-003	3	54000.00
931	TRX-100375	PRD-004	5	110000.00
932	TRX-100376	PRD-010	1	28000.00
933	TRX-100376	PRD-009	1	18000.00
934	TRX-100376	PRD-003	4	72000.00
935	TRX-100376	PRD-002	1	25000.00
936	TRX-100377	PRD-007	5	225000.00
937	TRX-100377	PRD-002	2	50000.00
938	TRX-100377	PRD-008	1	28000.00
939	TRX-100378	PRD-007	3	135000.00
940	TRX-100379	PRD-001	3	10500.00
941	TRX-100379	PRD-003	3	54000.00
942	TRX-100379	PRD-004	5	110000.00
943	TRX-100379	PRD-002	5	125000.00
944	TRX-100380	PRD-004	5	110000.00
945	TRX-100381	PRD-007	4	180000.00
946	TRX-100381	PRD-006	2	68000.00
947	TRX-100382	PRD-009	4	72000.00
948	TRX-100382	PRD-005	5	325000.00
949	TRX-100383	PRD-011	2	32000.00
950	TRX-100383	PRD-007	4	180000.00
951	TRX-100383	PRD-002	3	75000.00
952	TRX-100384	PRD-004	4	88000.00
953	TRX-100384	PRD-010	5	140000.00
954	TRX-100384	PRD-006	3	102000.00
955	TRX-100384	PRD-002	2	50000.00
956	TRX-100385	PRD-003	4	72000.00
957	TRX-100385	PRD-002	5	125000.00
958	TRX-100385	PRD-004	1	22000.00
959	TRX-100386	PRD-007	1	45000.00
960	TRX-100387	PRD-002	5	125000.00
961	TRX-100388	PRD-009	4	72000.00
962	TRX-100388	PRD-010	2	56000.00
963	TRX-100388	PRD-005	4	260000.00
964	TRX-100389	PRD-011	4	64000.00
965	TRX-100389	PRD-005	1	65000.00
966	TRX-100389	PRD-007	5	225000.00
967	TRX-100389	PRD-006	2	68000.00
968	TRX-100390	PRD-004	2	44000.00
969	TRX-100390	PRD-002	4	100000.00
970	TRX-100390	PRD-009	1	18000.00
971	TRX-100390	PRD-005	1	65000.00
972	TRX-100391	PRD-008	3	84000.00
973	TRX-100392	PRD-003	2	36000.00
974	TRX-100392	PRD-009	1	18000.00
975	TRX-100392	PRD-007	2	90000.00
976	TRX-100393	PRD-004	5	110000.00
977	TRX-100393	PRD-002	4	100000.00
978	TRX-100393	PRD-006	2	68000.00
979	TRX-100394	PRD-005	2	130000.00
980	TRX-100394	PRD-003	2	36000.00
981	TRX-100395	PRD-010	4	112000.00
982	TRX-100395	PRD-009	4	72000.00
983	TRX-100395	PRD-006	5	170000.00
984	TRX-100395	PRD-005	5	325000.00
985	TRX-100396	PRD-009	1	18000.00
986	TRX-100396	PRD-005	1	65000.00
987	TRX-100396	PRD-011	4	64000.00
988	TRX-100397	PRD-007	3	135000.00
989	TRX-100397	PRD-005	4	260000.00
990	TRX-100398	PRD-004	1	22000.00
991	TRX-100398	PRD-008	2	56000.00
992	TRX-100398	PRD-011	2	32000.00
993	TRX-100399	PRD-011	3	48000.00
994	TRX-100399	PRD-001	1	3500.00
995	TRX-100399	PRD-006	4	136000.00
996	TRX-100400	PRD-003	3	54000.00
997	TRX-100400	PRD-011	4	64000.00
998	TRX-100400	PRD-004	2	44000.00
999	TRX-100401	PRD-004	3	66000.00
1000	TRX-100401	PRD-007	1	45000.00
1001	TRX-100401	PRD-009	4	72000.00
1002	TRX-100401	PRD-006	5	170000.00
1003	TRX-100402	PRD-008	1	28000.00
1004	TRX-100402	PRD-007	2	90000.00
1005	TRX-100403	PRD-011	3	48000.00
1006	TRX-100403	PRD-002	2	50000.00
1007	TRX-100403	PRD-001	1	3500.00
1008	TRX-100404	PRD-009	2	36000.00
1009	TRX-100404	PRD-004	4	88000.00
1010	TRX-100405	PRD-002	2	50000.00
1011	TRX-100406	PRD-009	3	54000.00
1012	TRX-100406	PRD-004	2	44000.00
1013	TRX-100407	PRD-011	4	64000.00
1014	TRX-100407	PRD-006	3	102000.00
1015	TRX-100408	PRD-007	2	90000.00
1016	TRX-100408	PRD-008	5	140000.00
1017	TRX-100408	PRD-011	3	48000.00
1018	TRX-100408	PRD-004	4	88000.00
1019	TRX-100409	PRD-005	2	130000.00
1020	TRX-100409	PRD-004	5	110000.00
1021	TRX-100410	PRD-010	5	140000.00
1022	TRX-100411	PRD-008	4	112000.00
1023	TRX-100411	PRD-010	4	112000.00
1024	TRX-100411	PRD-006	5	170000.00
1025	TRX-100412	PRD-001	4	14000.00
1026	TRX-100413	PRD-003	2	36000.00
1027	TRX-100414	PRD-002	2	50000.00
1028	TRX-100414	PRD-005	3	195000.00
1029	TRX-100414	PRD-006	4	136000.00
1030	TRX-100414	PRD-008	2	56000.00
1031	TRX-100415	PRD-009	5	90000.00
1032	TRX-100415	PRD-007	3	135000.00
1033	TRX-100416	PRD-001	5	17500.00
1034	TRX-100416	PRD-011	3	48000.00
1035	TRX-100416	PRD-006	1	34000.00
1036	TRX-100417	PRD-001	5	17500.00
1037	TRX-100417	PRD-007	1	45000.00
1038	TRX-100417	PRD-003	1	18000.00
1039	TRX-100417	PRD-006	2	68000.00
1040	TRX-100418	PRD-007	2	90000.00
1041	TRX-100419	PRD-006	4	136000.00
1042	TRX-100419	PRD-005	4	260000.00
1043	TRX-100419	PRD-007	2	90000.00
1044	TRX-100420	PRD-003	5	90000.00
1045	TRX-100420	PRD-007	3	135000.00
1046	TRX-100421	PRD-006	4	136000.00
1047	TRX-100421	PRD-011	3	48000.00
1048	TRX-100421	PRD-007	3	135000.00
1049	TRX-100421	PRD-003	4	72000.00
1050	TRX-100422	PRD-001	3	10500.00
1051	TRX-100422	PRD-005	3	195000.00
1052	TRX-100422	PRD-008	4	112000.00
1053	TRX-100422	PRD-011	3	48000.00
1054	TRX-100423	PRD-008	1	28000.00
1055	TRX-100423	PRD-003	1	18000.00
1056	TRX-100423	PRD-004	5	110000.00
1057	TRX-100423	PRD-002	5	125000.00
1058	TRX-100424	PRD-003	2	36000.00
1059	TRX-100424	PRD-005	1	65000.00
1060	TRX-100424	PRD-009	2	36000.00
1061	TRX-100424	PRD-001	5	17500.00
1062	TRX-100425	PRD-003	3	54000.00
1063	TRX-100425	PRD-008	1	28000.00
1064	TRX-100426	PRD-005	5	325000.00
1065	TRX-100426	PRD-002	3	75000.00
1066	TRX-100426	PRD-007	4	180000.00
1067	TRX-100427	PRD-001	5	17500.00
1068	TRX-100427	PRD-006	3	102000.00
1069	TRX-100427	PRD-010	4	112000.00
1070	TRX-100428	PRD-010	1	28000.00
1071	TRX-100428	PRD-007	5	225000.00
1072	TRX-100428	PRD-011	1	16000.00
1073	TRX-100429	PRD-009	5	90000.00
1074	TRX-100429	PRD-010	1	28000.00
1075	TRX-100429	PRD-004	1	22000.00
1076	TRX-100430	PRD-004	1	22000.00
1077	TRX-100430	PRD-011	1	16000.00
1078	TRX-100430	PRD-007	5	225000.00
1079	TRX-100431	PRD-009	3	54000.00
1080	TRX-100431	PRD-007	3	135000.00
1081	TRX-100431	PRD-011	4	64000.00
1082	TRX-100431	PRD-003	3	54000.00
1083	TRX-100432	PRD-005	1	65000.00
1084	TRX-100432	PRD-004	2	44000.00
1085	TRX-100433	PRD-001	1	3500.00
1086	TRX-100433	PRD-003	5	90000.00
1087	TRX-100433	PRD-005	2	130000.00
1088	TRX-100433	PRD-007	3	135000.00
1089	TRX-100434	PRD-006	1	34000.00
1090	TRX-100434	PRD-001	1	3500.00
1091	TRX-100435	PRD-009	1	18000.00
1092	TRX-100435	PRD-006	3	102000.00
1093	TRX-100435	PRD-004	1	22000.00
1094	TRX-100435	PRD-010	4	112000.00
1095	TRX-100436	PRD-006	2	68000.00
1096	TRX-100436	PRD-008	4	112000.00
1097	TRX-100436	PRD-011	4	64000.00
1098	TRX-100436	PRD-005	4	260000.00
1099	TRX-100437	PRD-004	5	110000.00
1100	TRX-100437	PRD-005	3	195000.00
1101	TRX-100437	PRD-010	3	84000.00
1102	TRX-100438	PRD-007	4	180000.00
1103	TRX-100439	PRD-010	3	84000.00
1104	TRX-100439	PRD-004	2	44000.00
1105	TRX-100439	PRD-011	3	48000.00
1106	TRX-100440	PRD-008	5	140000.00
1107	TRX-100440	PRD-006	2	68000.00
1108	TRX-100440	PRD-010	2	56000.00
1109	TRX-100441	PRD-007	3	135000.00
1110	TRX-100441	PRD-002	3	75000.00
1111	TRX-100441	PRD-009	4	72000.00
1112	TRX-100442	PRD-006	2	68000.00
1113	TRX-100442	PRD-007	4	180000.00
1114	TRX-100442	PRD-001	2	7000.00
1115	TRX-100443	PRD-001	1	3500.00
1116	TRX-100444	PRD-001	4	14000.00
1117	TRX-100444	PRD-010	1	28000.00
1118	TRX-100444	PRD-005	3	195000.00
1119	TRX-100444	PRD-003	1	18000.00
1120	TRX-100445	PRD-007	5	225000.00
1121	TRX-100445	PRD-003	4	72000.00
1122	TRX-100445	PRD-001	1	3500.00
1123	TRX-100446	PRD-004	2	44000.00
1124	TRX-100446	PRD-006	5	170000.00
1125	TRX-100446	PRD-010	4	112000.00
1126	TRX-100447	PRD-007	5	225000.00
1127	TRX-100447	PRD-003	1	18000.00
1128	TRX-100447	PRD-009	2	36000.00
1129	TRX-100448	PRD-007	1	45000.00
1130	TRX-100448	PRD-011	1	16000.00
1131	TRX-100448	PRD-009	1	18000.00
1132	TRX-100449	PRD-009	5	90000.00
1133	TRX-100450	PRD-003	1	18000.00
1134	TRX-100450	PRD-002	1	25000.00
1135	TRX-100450	PRD-008	5	140000.00
1136	TRX-100450	PRD-004	1	22000.00
1137	TRX-100451	PRD-006	4	136000.00
1138	TRX-100451	PRD-008	1	28000.00
1139	TRX-100451	PRD-005	2	130000.00
1140	TRX-100452	PRD-006	1	34000.00
1141	TRX-100452	PRD-001	2	7000.00
1142	TRX-100452	PRD-007	1	45000.00
1143	TRX-100452	PRD-010	3	84000.00
1144	TRX-100453	PRD-006	2	68000.00
1145	TRX-100454	PRD-001	4	14000.00
1146	TRX-100455	PRD-001	3	10500.00
1147	TRX-100455	PRD-007	2	90000.00
1148	TRX-100456	PRD-006	4	136000.00
1149	TRX-100456	PRD-007	5	225000.00
1150	TRX-100457	PRD-007	4	180000.00
1151	TRX-100458	PRD-004	3	66000.00
1152	TRX-100458	PRD-006	1	34000.00
1153	TRX-100458	PRD-007	3	135000.00
1154	TRX-100459	PRD-008	1	28000.00
1155	TRX-100459	PRD-007	3	135000.00
1156	TRX-100460	PRD-009	4	72000.00
1157	TRX-100460	PRD-006	4	136000.00
1158	TRX-100460	PRD-011	4	64000.00
1159	TRX-100460	PRD-002	5	125000.00
1160	TRX-100461	PRD-004	2	44000.00
1161	TRX-100461	PRD-007	4	180000.00
1162	TRX-100461	PRD-002	2	50000.00
1163	TRX-100462	PRD-011	2	32000.00
1164	TRX-100462	PRD-002	5	125000.00
1165	TRX-100462	PRD-001	4	14000.00
1166	TRX-100462	PRD-010	1	28000.00
1167	TRX-100463	PRD-009	5	90000.00
1168	TRX-100463	PRD-006	3	102000.00
1169	TRX-100464	PRD-006	1	34000.00
1170	TRX-100464	PRD-003	3	54000.00
1171	TRX-100465	PRD-001	1	3500.00
1172	TRX-100465	PRD-003	5	90000.00
1173	TRX-100465	PRD-011	2	32000.00
1174	TRX-100465	PRD-004	2	44000.00
1175	TRX-100466	PRD-008	4	112000.00
1176	TRX-100466	PRD-003	3	54000.00
1177	TRX-100466	PRD-009	1	18000.00
1178	TRX-100467	PRD-005	5	325000.00
1179	TRX-100467	PRD-010	3	84000.00
1180	TRX-100468	PRD-005	1	65000.00
1181	TRX-100469	PRD-002	2	50000.00
1182	TRX-100469	PRD-006	2	68000.00
1183	TRX-100469	PRD-001	3	10500.00
1184	TRX-100470	PRD-002	4	100000.00
1185	TRX-100470	PRD-007	5	225000.00
1186	TRX-100470	PRD-005	5	325000.00
1187	TRX-100471	PRD-002	5	125000.00
1188	TRX-100472	PRD-003	4	72000.00
1189	TRX-100472	PRD-007	2	90000.00
1190	TRX-100472	PRD-001	4	14000.00
1191	TRX-100472	PRD-009	2	36000.00
1192	TRX-100473	PRD-002	1	25000.00
1193	TRX-100473	PRD-005	5	325000.00
1194	TRX-100473	PRD-010	3	84000.00
1195	TRX-100473	PRD-009	4	72000.00
1196	TRX-100474	PRD-001	2	7000.00
1197	TRX-100474	PRD-011	1	16000.00
1198	TRX-100474	PRD-008	2	56000.00
1199	TRX-100475	PRD-005	5	325000.00
1200	TRX-100475	PRD-010	3	84000.00
1201	TRX-100475	PRD-011	2	32000.00
1202	TRX-100475	PRD-003	3	54000.00
1203	TRX-100476	PRD-011	2	32000.00
1204	TRX-100476	PRD-010	3	84000.00
1205	TRX-100476	PRD-001	1	3500.00
1206	TRX-100477	PRD-009	5	90000.00
1207	TRX-100477	PRD-010	2	56000.00
1208	TRX-100477	PRD-006	3	102000.00
1209	TRX-100478	PRD-010	1	28000.00
1210	TRX-100479	PRD-001	3	10500.00
1211	TRX-100479	PRD-003	4	72000.00
1212	TRX-100479	PRD-011	5	80000.00
1213	TRX-100479	PRD-006	2	68000.00
1214	TRX-100480	PRD-009	2	36000.00
1215	TRX-100481	PRD-002	3	75000.00
1216	TRX-100482	PRD-006	1	34000.00
1217	TRX-100483	PRD-003	1	18000.00
1218	TRX-100484	PRD-008	3	84000.00
1219	TRX-100484	PRD-006	3	102000.00
1220	TRX-100484	PRD-010	4	112000.00
1221	TRX-100484	PRD-003	2	36000.00
1222	TRX-100485	PRD-005	2	130000.00
1223	TRX-100485	PRD-003	3	54000.00
1224	TRX-100485	PRD-002	2	50000.00
1225	TRX-100486	PRD-010	4	112000.00
1226	TRX-100486	PRD-005	2	130000.00
1227	TRX-100486	PRD-008	2	56000.00
1228	TRX-100487	PRD-008	3	84000.00
1229	TRX-100488	PRD-001	5	17500.00
1230	TRX-100488	PRD-003	5	90000.00
1231	TRX-100488	PRD-004	1	22000.00
1232	TRX-100489	PRD-010	2	56000.00
1233	TRX-100490	PRD-009	4	72000.00
1234	TRX-100491	PRD-005	3	195000.00
1235	TRX-100492	PRD-002	2	50000.00
1236	TRX-100493	PRD-005	3	195000.00
1237	TRX-100494	PRD-001	3	10500.00
1238	TRX-100494	PRD-009	1	18000.00
1239	TRX-100494	PRD-005	4	260000.00
1240	TRX-100494	PRD-007	3	135000.00
1241	TRX-100495	PRD-006	4	136000.00
1242	TRX-100496	PRD-008	1	28000.00
1243	TRX-100497	PRD-007	4	180000.00
1244	TRX-100497	PRD-009	3	54000.00
1245	TRX-100497	PRD-008	4	112000.00
1246	TRX-100498	PRD-011	4	64000.00
1247	TRX-100498	PRD-005	3	195000.00
1248	TRX-100499	PRD-009	5	90000.00
1249	TRX-100499	PRD-008	3	84000.00
\.


--
-- Data for Name: tb_sales_headers; Type: TABLE DATA; Schema: public; Owner: postgres
--

COPY public.tb_sales_headers (transaction_id, tgl_transaksi, waktu_transaksi, customer_id, store_id, metode_pembayaran) FROM stdin;
TRX-99801	2024-10-13	10:15:00	CUST-0001	STR-PTK-01	QRIS
TRX-99802	2024-10-14	14:30:00	CUST-0002	STR-STG-01	Cash
TRX-99803	2024-10-15	18:45:00	CUST-0003	STR-SKW-01	Debit
TRX-100000	2024-04-15	18:03:36	CUST-1071	STR-STG-01	QRIS
TRX-100001	2024-05-04	02:40:58	CUST-1068	STR-PTK-01	Debit
TRX-100002	2024-05-07	11:02:22	CUST-1004	STR-PTK-02	Cash
TRX-100003	2024-06-25	14:29:38	CUST-1071	STR-STG-01	Cash
TRX-100004	2024-01-01	03:18:10	CUST-1042	STR-STG-01	QRIS
TRX-100005	2024-03-07	22:40:22	CUST-1046	STR-PTK-01	Debit
TRX-100006	2024-05-01	23:25:48	CUST-1066	STR-SKW-01	QRIS
TRX-100007	2024-03-13	12:19:29	CUST-1009	STR-PTK-02	QRIS
TRX-100008	2024-06-16	17:54:39	CUST-1081	STR-SKW-01	Cash
TRX-100009	2024-01-09	01:12:17	CUST-1078	STR-PTK-01	QRIS
TRX-100010	2024-02-20	22:22:56	CUST-1080	STR-STG-01	Cash
TRX-100011	2024-01-31	03:23:24	CUST-1099	STR-SKW-01	QRIS
TRX-100012	2024-07-18	21:12:29	CUST-1068	STR-PTK-01	QRIS
TRX-100013	2024-02-09	02:01:12	CUST-1040	STR-PTK-02	QRIS
TRX-100014	2024-08-18	23:31:01	CUST-1018	STR-PTK-01	QRIS
TRX-100015	2024-08-19	17:26:06	CUST-1020	STR-PTK-02	QRIS
TRX-100016	2024-04-11	17:08:48	CUST-1045	STR-SKW-01	Debit
TRX-100017	2024-05-21	09:43:20	CUST-1014	STR-SKW-01	QRIS
TRX-100018	2024-05-27	05:36:53	CUST-1065	STR-SKW-01	QRIS
TRX-100019	2024-04-13	20:57:24	CUST-1065	STR-PTK-02	Cash
TRX-100020	2024-10-04	04:34:25	CUST-1088	STR-SKW-01	QRIS
TRX-100021	2024-08-14	05:59:57	CUST-1077	STR-PTK-02	Debit
TRX-100022	2024-03-29	20:38:02	CUST-1012	STR-PTK-02	QRIS
TRX-100023	2024-01-04	08:00:04	CUST-1072	STR-PTK-02	Debit
TRX-100024	2024-04-26	15:49:43	CUST-1058	STR-PTK-01	Debit
TRX-100025	2024-03-17	07:43:53	CUST-1016	STR-STG-01	Cash
TRX-100026	2024-04-29	16:36:12	CUST-1095	STR-PTK-02	Credit Card
TRX-100027	2024-06-08	08:46:31	CUST-1090	STR-PTK-02	Debit
TRX-100028	2024-01-15	10:43:43	CUST-1043	STR-PTK-01	QRIS
TRX-100029	2024-07-25	01:39:15	CUST-1073	STR-SKW-01	Cash
TRX-100030	2024-05-24	13:45:34	CUST-1011	STR-PTK-01	Cash
TRX-100031	2024-09-20	10:18:48	CUST-1073	STR-SKW-01	Cash
TRX-100032	2024-06-07	01:37:04	CUST-1032	STR-STG-01	QRIS
TRX-100033	2024-04-20	12:05:36	CUST-1008	STR-PTK-02	QRIS
TRX-100034	2024-08-31	21:20:53	CUST-1092	STR-STG-01	QRIS
TRX-100035	2024-01-31	14:00:20	CUST-1022	STR-PTK-02	Cash
TRX-100036	2024-05-13	23:07:43	CUST-1003	STR-PTK-02	QRIS
TRX-100037	2024-08-22	20:53:19	CUST-1047	STR-PTK-01	Debit
TRX-100038	2024-03-28	15:31:56	CUST-1024	STR-PTK-02	QRIS
TRX-100039	2024-06-02	15:02:30	CUST-1096	STR-PTK-01	Debit
TRX-100040	2024-06-11	13:08:47	CUST-1067	STR-PTK-02	QRIS
TRX-100041	2024-09-15	23:24:34	CUST-1017	STR-STG-01	Cash
TRX-100042	2024-06-04	23:43:06	CUST-1011	STR-STG-01	QRIS
TRX-100043	2024-09-12	17:31:56	CUST-1062	STR-SKW-01	QRIS
TRX-100044	2024-08-26	08:12:03	CUST-1083	STR-SKW-01	Cash
TRX-100045	2024-09-18	05:17:03	CUST-1001	STR-PTK-02	QRIS
TRX-100046	2024-10-23	14:11:58	CUST-1000	STR-PTK-02	QRIS
TRX-100047	2024-07-20	18:45:46	CUST-1076	STR-SKW-01	Cash
TRX-100048	2024-03-13	20:47:06	CUST-1063	STR-STG-01	Cash
TRX-100049	2024-07-05	12:01:14	CUST-1095	STR-SKW-01	QRIS
TRX-100050	2024-06-14	20:32:28	CUST-1051	STR-PTK-01	Cash
TRX-100051	2024-08-19	02:19:57	CUST-1069	STR-STG-01	QRIS
TRX-100052	2024-05-31	15:08:00	CUST-1025	STR-SKW-01	QRIS
TRX-100053	2024-03-07	23:48:29	CUST-1053	STR-STG-01	QRIS
TRX-100054	2024-08-28	04:00:21	CUST-1090	STR-STG-01	Credit Card
TRX-100055	2024-02-03	21:19:17	CUST-1085	STR-SKW-01	Cash
TRX-100056	2024-05-16	08:16:59	CUST-1048	STR-SKW-01	QRIS
TRX-100057	2024-08-15	20:33:41	CUST-1083	STR-STG-01	Debit
TRX-100058	2024-10-07	21:38:10	CUST-1089	STR-SKW-01	Cash
TRX-100059	2024-02-05	14:51:57	CUST-1096	STR-SKW-01	Debit
TRX-100060	2024-01-15	20:57:33	CUST-1034	STR-SKW-01	Cash
TRX-100061	2024-01-11	21:57:29	CUST-1036	STR-PTK-02	QRIS
TRX-100062	2024-02-16	01:59:31	CUST-1032	STR-STG-01	Cash
TRX-100063	2024-02-28	12:48:48	CUST-1059	STR-PTK-01	Cash
TRX-100064	2024-04-05	08:56:55	CUST-1097	STR-PTK-02	QRIS
TRX-100065	2024-02-04	15:35:25	CUST-1068	STR-SKW-01	Cash
TRX-100066	2024-03-18	20:39:35	CUST-1014	STR-PTK-01	QRIS
TRX-100067	2024-01-12	20:51:41	CUST-1027	STR-PTK-01	Debit
TRX-100068	2024-03-09	22:12:32	CUST-1091	STR-STG-01	Debit
TRX-100069	2024-09-12	06:50:17	CUST-1014	STR-PTK-01	QRIS
TRX-100070	2024-10-10	10:16:39	CUST-1060	STR-STG-01	Cash
TRX-100071	2024-09-14	05:26:08	CUST-1005	STR-PTK-02	Debit
TRX-100072	2024-06-09	08:36:20	CUST-1083	STR-SKW-01	Debit
TRX-100073	2024-06-10	12:38:38	CUST-1036	STR-SKW-01	Cash
TRX-100074	2024-10-13	22:39:21	CUST-1052	STR-SKW-01	QRIS
TRX-100075	2024-09-16	18:54:52	CUST-1081	STR-STG-01	QRIS
TRX-100076	2024-03-29	19:50:28	CUST-1081	STR-SKW-01	QRIS
TRX-100077	2024-10-11	22:27:20	CUST-1033	STR-STG-01	Credit Card
TRX-100078	2024-09-07	13:34:39	CUST-1075	STR-SKW-01	Cash
TRX-100079	2024-07-30	06:33:41	CUST-1085	STR-SKW-01	Cash
TRX-100080	2024-09-02	19:30:42	CUST-1075	STR-SKW-01	Cash
TRX-100081	2024-05-27	04:06:08	CUST-1090	STR-PTK-01	Credit Card
TRX-100082	2024-02-15	19:28:43	CUST-1002	STR-PTK-01	QRIS
TRX-100083	2024-08-06	01:09:20	CUST-1016	STR-PTK-02	QRIS
TRX-100084	2024-03-26	07:25:16	CUST-1056	STR-PTK-02	Cash
TRX-100085	2024-01-22	13:24:08	CUST-1096	STR-PTK-02	Cash
TRX-100086	2024-01-25	22:30:38	CUST-1065	STR-PTK-01	QRIS
TRX-100087	2024-05-08	00:11:02	CUST-1078	STR-STG-01	QRIS
TRX-100088	2024-04-13	16:05:21	CUST-1018	STR-PTK-02	QRIS
TRX-100089	2024-06-02	10:55:15	CUST-1032	STR-PTK-02	Cash
TRX-100090	2024-09-12	09:54:18	CUST-1056	STR-PTK-01	QRIS
TRX-100091	2024-05-14	05:48:40	CUST-1064	STR-STG-01	Cash
TRX-100092	2024-08-10	16:02:27	CUST-1096	STR-SKW-01	Cash
TRX-100093	2024-04-05	04:45:57	CUST-1028	STR-PTK-01	QRIS
TRX-100094	2024-06-15	01:59:25	CUST-1093	STR-SKW-01	Credit Card
TRX-100095	2024-05-16	04:08:39	CUST-1075	STR-PTK-02	QRIS
TRX-100096	2024-05-28	23:44:16	CUST-1093	STR-PTK-02	Credit Card
TRX-100097	2024-06-19	19:57:14	CUST-1031	STR-STG-01	QRIS
TRX-100098	2024-02-26	09:30:50	CUST-1098	STR-SKW-01	Debit
TRX-100099	2024-01-23	03:43:45	CUST-1037	STR-PTK-02	Cash
TRX-100100	2024-06-04	00:31:31	CUST-1081	STR-SKW-01	Cash
TRX-100101	2024-05-07	21:52:37	CUST-1010	STR-PTK-01	QRIS
TRX-100102	2024-01-18	04:41:19	CUST-1084	STR-SKW-01	Cash
TRX-100103	2024-09-15	11:24:19	CUST-1004	STR-PTK-02	Cash
TRX-100104	2024-02-18	02:50:35	CUST-1062	STR-PTK-02	Debit
TRX-100105	2024-04-20	04:41:42	CUST-0002	STR-SKW-01	Debit
TRX-100106	2024-07-25	19:57:40	CUST-1095	STR-STG-01	QRIS
TRX-100107	2024-01-22	04:21:16	CUST-1098	STR-STG-01	Debit
TRX-100108	2024-09-17	08:07:11	CUST-1004	STR-SKW-01	Debit
TRX-100109	2024-03-22	12:00:13	CUST-1076	STR-SKW-01	QRIS
TRX-100110	2024-05-30	10:29:18	CUST-1013	STR-PTK-02	QRIS
TRX-100111	2024-05-09	13:38:53	CUST-1024	STR-STG-01	QRIS
TRX-100112	2024-05-23	00:52:52	CUST-1072	STR-PTK-01	Cash
TRX-100113	2024-03-18	03:36:53	CUST-1096	STR-PTK-01	Cash
TRX-100114	2024-06-28	03:38:21	CUST-1011	STR-PTK-01	Cash
TRX-100115	2024-10-27	06:37:05	CUST-1041	STR-PTK-02	QRIS
TRX-100116	2024-02-09	13:12:00	CUST-1005	STR-STG-01	Credit Card
TRX-100117	2024-04-15	20:23:42	CUST-0004	STR-PTK-02	Debit
TRX-100118	2024-08-02	12:22:10	CUST-1011	STR-PTK-01	Cash
TRX-100119	2024-08-28	05:46:55	CUST-1042	STR-PTK-02	QRIS
TRX-100120	2024-09-16	08:06:23	CUST-1063	STR-SKW-01	Credit Card
TRX-100121	2024-08-28	22:35:25	CUST-1092	STR-PTK-01	Debit
TRX-100122	2024-06-30	14:41:39	CUST-1083	STR-PTK-02	Debit
TRX-100123	2024-02-12	10:26:48	CUST-1050	STR-PTK-02	Cash
TRX-100124	2024-08-05	12:25:56	CUST-1049	STR-SKW-01	Cash
TRX-100125	2024-02-01	14:36:51	CUST-1047	STR-PTK-01	QRIS
TRX-100126	2024-03-28	00:44:18	CUST-1040	STR-STG-01	Cash
TRX-100127	2024-10-05	09:33:15	CUST-1040	STR-PTK-02	QRIS
TRX-100128	2024-01-13	05:25:47	CUST-1032	STR-PTK-01	QRIS
TRX-100129	2024-01-26	06:10:43	CUST-1005	STR-STG-01	Debit
TRX-100130	2024-04-30	07:00:18	CUST-1042	STR-PTK-01	Cash
TRX-100131	2024-04-02	22:40:55	CUST-1009	STR-STG-01	Cash
TRX-100132	2024-08-05	01:37:48	CUST-1080	STR-SKW-01	Credit Card
TRX-100133	2024-01-09	18:07:33	CUST-1023	STR-SKW-01	Cash
TRX-100134	2024-07-18	01:20:26	CUST-1055	STR-PTK-02	Cash
TRX-100135	2024-04-22	09:57:10	CUST-1069	STR-SKW-01	Debit
TRX-100136	2024-03-29	16:04:09	CUST-1062	STR-STG-01	Cash
TRX-100137	2024-09-15	12:06:32	CUST-1031	STR-PTK-01	Cash
TRX-100138	2024-10-29	10:08:22	CUST-1087	STR-PTK-02	Debit
TRX-100139	2024-04-14	16:12:05	CUST-1092	STR-PTK-01	QRIS
TRX-100140	2024-07-17	11:16:04	CUST-1001	STR-PTK-01	Cash
TRX-100141	2024-08-19	00:11:27	CUST-0003	STR-PTK-01	Debit
TRX-100142	2024-10-03	13:10:31	CUST-1065	STR-PTK-01	QRIS
TRX-100143	2024-03-10	22:17:19	CUST-1071	STR-PTK-02	QRIS
TRX-100144	2024-06-06	09:42:44	CUST-1032	STR-STG-01	Debit
TRX-100145	2024-10-27	21:34:34	CUST-1025	STR-SKW-01	QRIS
TRX-100146	2024-03-11	13:48:31	CUST-1073	STR-PTK-02	Cash
TRX-100147	2024-08-09	16:47:53	CUST-1008	STR-STG-01	Cash
TRX-100148	2024-04-11	18:31:01	CUST-1020	STR-PTK-02	QRIS
TRX-100149	2024-09-19	10:22:52	CUST-1074	STR-SKW-01	Cash
TRX-100150	2024-03-06	11:06:10	CUST-1015	STR-STG-01	QRIS
TRX-100151	2024-08-23	13:37:20	CUST-1060	STR-PTK-01	Debit
TRX-100152	2024-06-09	17:15:57	CUST-1008	STR-PTK-01	Cash
TRX-100153	2024-10-03	17:36:02	CUST-0001	STR-SKW-01	Credit Card
TRX-100154	2024-07-07	12:44:01	CUST-1079	STR-STG-01	Debit
TRX-100155	2024-10-12	19:56:04	CUST-1049	STR-PTK-01	Cash
TRX-100156	2024-02-29	12:18:55	CUST-1066	STR-PTK-02	QRIS
TRX-100157	2024-07-14	10:37:37	CUST-1026	STR-PTK-01	Cash
TRX-100158	2024-01-01	17:59:20	CUST-1095	STR-SKW-01	Debit
TRX-100159	2024-06-11	04:43:04	CUST-1010	STR-STG-01	QRIS
TRX-100160	2024-04-14	10:57:43	CUST-1093	STR-SKW-01	Debit
TRX-100161	2024-09-29	22:45:47	CUST-1040	STR-SKW-01	Debit
TRX-100162	2024-01-27	15:00:25	CUST-1054	STR-PTK-02	Cash
TRX-100163	2024-07-01	21:17:34	CUST-1073	STR-PTK-02	Cash
TRX-100164	2024-10-28	22:05:29	CUST-1065	STR-STG-01	QRIS
TRX-100165	2024-02-27	01:48:39	CUST-1037	STR-PTK-02	Debit
TRX-100166	2024-04-16	03:07:45	CUST-0001	STR-PTK-01	Cash
TRX-100167	2024-08-06	02:58:31	CUST-1030	STR-STG-01	Cash
TRX-100168	2024-08-29	12:53:08	CUST-1057	STR-PTK-02	QRIS
TRX-100169	2024-01-04	15:44:35	CUST-1042	STR-PTK-02	QRIS
TRX-100170	2024-09-20	00:56:55	CUST-1046	STR-STG-01	QRIS
TRX-100171	2024-02-23	06:54:32	CUST-1099	STR-PTK-02	QRIS
TRX-100172	2024-04-20	15:52:21	CUST-1083	STR-PTK-01	QRIS
TRX-100173	2024-07-17	00:17:30	CUST-1092	STR-SKW-01	Debit
TRX-100174	2024-07-30	11:44:02	CUST-1013	STR-STG-01	Cash
TRX-100175	2024-08-14	23:27:30	CUST-1065	STR-STG-01	Debit
TRX-100176	2024-07-13	23:33:10	CUST-1071	STR-SKW-01	Cash
TRX-100177	2024-10-22	08:37:51	CUST-1073	STR-SKW-01	Cash
TRX-100178	2024-07-21	18:00:30	CUST-1077	STR-PTK-01	Cash
TRX-100179	2024-04-21	13:41:39	CUST-1009	STR-SKW-01	QRIS
TRX-100180	2024-01-29	10:36:59	CUST-1034	STR-PTK-01	Cash
TRX-100181	2024-04-29	07:57:00	CUST-1038	STR-PTK-01	Credit Card
TRX-100182	2024-04-08	08:50:19	CUST-1036	STR-PTK-02	QRIS
TRX-100183	2024-03-15	21:04:02	CUST-1070	STR-STG-01	QRIS
TRX-100184	2024-05-13	15:51:22	CUST-1073	STR-PTK-01	Cash
TRX-100185	2024-04-09	07:39:39	CUST-1007	STR-SKW-01	Cash
TRX-100186	2024-10-04	01:31:30	CUST-1070	STR-PTK-02	Debit
TRX-100187	2024-08-21	05:00:23	CUST-1095	STR-SKW-01	Cash
TRX-100188	2024-06-02	02:11:16	CUST-1046	STR-SKW-01	Cash
TRX-100189	2024-01-07	10:43:39	CUST-1036	STR-SKW-01	Debit
TRX-100190	2024-08-11	09:34:21	CUST-1093	STR-PTK-02	QRIS
TRX-100191	2024-06-28	14:42:23	CUST-1053	STR-SKW-01	QRIS
TRX-100192	2024-09-10	09:12:06	CUST-1016	STR-PTK-01	QRIS
TRX-100193	2024-09-12	21:58:07	CUST-1098	STR-PTK-02	QRIS
TRX-100194	2024-03-02	22:39:30	CUST-1029	STR-PTK-01	QRIS
TRX-100195	2024-04-17	06:01:48	CUST-0003	STR-STG-01	QRIS
TRX-100196	2024-01-16	11:59:01	CUST-1099	STR-SKW-01	Debit
TRX-100197	2024-01-02	23:04:40	CUST-1001	STR-PTK-02	Debit
TRX-100198	2024-06-13	06:35:54	CUST-1003	STR-SKW-01	QRIS
TRX-100199	2024-09-28	05:44:58	CUST-1005	STR-PTK-01	Cash
TRX-100200	2024-01-18	02:07:13	CUST-1018	STR-SKW-01	QRIS
TRX-100201	2024-03-24	15:32:31	CUST-1072	STR-STG-01	Cash
TRX-100202	2024-01-19	09:49:51	CUST-1097	STR-STG-01	Cash
TRX-100203	2024-01-16	10:11:34	CUST-1056	STR-STG-01	Cash
TRX-100204	2024-02-03	16:50:51	CUST-1096	STR-SKW-01	Cash
TRX-100205	2024-02-15	17:53:32	CUST-1000	STR-SKW-01	Cash
TRX-100206	2024-02-15	14:42:18	CUST-1004	STR-STG-01	Debit
TRX-100207	2024-05-24	08:04:25	CUST-1079	STR-STG-01	QRIS
TRX-100208	2024-05-09	11:27:27	CUST-1028	STR-SKW-01	Cash
TRX-100209	2024-01-14	17:00:33	CUST-1026	STR-PTK-02	Cash
TRX-100210	2024-05-21	06:22:53	CUST-1039	STR-PTK-01	Cash
TRX-100211	2024-01-27	17:15:05	CUST-1098	STR-PTK-02	Debit
TRX-100212	2024-06-21	02:17:49	CUST-1008	STR-STG-01	Debit
TRX-100213	2024-10-20	13:14:07	CUST-0003	STR-STG-01	Cash
TRX-100214	2024-08-18	20:46:22	CUST-1070	STR-SKW-01	Cash
TRX-100215	2024-08-14	11:15:08	CUST-1067	STR-PTK-02	QRIS
TRX-100216	2024-01-11	23:48:06	CUST-1002	STR-STG-01	Debit
TRX-100217	2024-10-04	15:48:34	CUST-1086	STR-PTK-01	Debit
TRX-100218	2024-10-26	02:19:53	CUST-1048	STR-STG-01	Cash
TRX-100219	2024-01-24	22:40:19	CUST-1005	STR-STG-01	Debit
TRX-100220	2024-09-28	02:48:14	CUST-1073	STR-PTK-01	Cash
TRX-100221	2024-01-15	12:01:08	CUST-1006	STR-STG-01	Cash
TRX-100222	2024-05-21	07:43:23	CUST-1018	STR-STG-01	Cash
TRX-100223	2024-06-07	09:50:57	CUST-1042	STR-PTK-01	Cash
TRX-100224	2024-08-19	00:51:42	CUST-1028	STR-SKW-01	Debit
TRX-100225	2024-07-07	01:30:50	CUST-1070	STR-PTK-02	Debit
TRX-100226	2024-06-28	10:10:45	CUST-1014	STR-PTK-01	QRIS
TRX-100227	2024-07-24	00:23:11	CUST-1067	STR-STG-01	Debit
TRX-100228	2024-06-30	14:18:33	CUST-1031	STR-STG-01	QRIS
TRX-100229	2024-05-07	18:19:29	CUST-1057	STR-SKW-01	Cash
TRX-100230	2024-07-30	09:50:33	CUST-1062	STR-STG-01	QRIS
TRX-100231	2024-03-18	01:27:27	CUST-1067	STR-PTK-02	Cash
TRX-100232	2024-02-16	09:10:58	CUST-1047	STR-PTK-02	Cash
TRX-100233	2024-09-21	09:55:05	CUST-1043	STR-STG-01	Cash
TRX-100234	2024-01-25	00:40:07	CUST-0005	STR-PTK-01	QRIS
TRX-100235	2024-10-29	15:04:12	CUST-1004	STR-SKW-01	Cash
TRX-100236	2024-05-21	15:47:45	CUST-1019	STR-SKW-01	Cash
TRX-100237	2024-04-06	08:08:55	CUST-1051	STR-PTK-01	Cash
TRX-100238	2024-03-04	14:42:47	CUST-1091	STR-STG-01	Cash
TRX-100239	2024-08-02	06:39:23	CUST-1011	STR-PTK-02	Cash
TRX-100240	2024-02-20	12:00:58	CUST-1054	STR-STG-01	Cash
TRX-100241	2024-10-14	21:59:57	CUST-1023	STR-PTK-01	Cash
TRX-100242	2024-10-22	00:35:21	CUST-1093	STR-SKW-01	Cash
TRX-100243	2024-10-04	15:22:10	CUST-1059	STR-PTK-02	Cash
TRX-100244	2024-09-11	12:17:25	CUST-1072	STR-STG-01	QRIS
TRX-100245	2024-06-11	01:57:45	CUST-1039	STR-PTK-02	QRIS
TRX-100246	2024-08-13	01:07:38	CUST-1026	STR-PTK-02	Cash
TRX-100247	2024-09-08	01:19:47	CUST-1023	STR-PTK-01	Cash
TRX-100248	2024-03-30	04:06:04	CUST-1044	STR-PTK-02	Cash
TRX-100249	2024-05-28	23:57:07	CUST-1055	STR-PTK-01	Debit
TRX-100250	2024-07-21	12:06:25	CUST-1009	STR-PTK-02	Cash
TRX-100251	2024-03-15	04:38:12	CUST-0003	STR-PTK-01	Debit
TRX-100252	2024-04-28	17:40:50	CUST-1013	STR-PTK-01	Debit
TRX-100253	2024-10-27	18:02:05	CUST-0005	STR-SKW-01	QRIS
TRX-100254	2024-09-09	03:45:04	CUST-1090	STR-STG-01	Credit Card
TRX-100255	2024-10-22	11:56:50	CUST-0005	STR-PTK-01	QRIS
TRX-100256	2024-03-13	16:05:21	CUST-1091	STR-SKW-01	Debit
TRX-100257	2024-10-13	06:43:45	CUST-1009	STR-STG-01	QRIS
TRX-100258	2024-10-23	08:04:38	CUST-1052	STR-STG-01	Cash
TRX-100259	2024-07-07	00:00:16	CUST-1091	STR-STG-01	QRIS
TRX-100260	2024-07-24	09:14:31	CUST-1012	STR-STG-01	Cash
TRX-100261	2024-04-05	10:28:57	CUST-1027	STR-STG-01	Cash
TRX-100262	2024-02-20	07:19:42	CUST-1011	STR-PTK-02	Cash
TRX-100263	2024-05-08	02:00:06	CUST-1041	STR-PTK-02	Cash
TRX-100264	2024-07-26	08:44:42	CUST-1088	STR-STG-01	Cash
TRX-100265	2024-10-14	23:35:57	CUST-1094	STR-PTK-01	Cash
TRX-100266	2024-02-22	08:15:01	CUST-1015	STR-SKW-01	Credit Card
TRX-100267	2024-05-11	02:35:20	CUST-1006	STR-SKW-01	Cash
TRX-100268	2024-02-13	08:14:42	CUST-1013	STR-PTK-01	Debit
TRX-100269	2024-02-12	20:03:42	CUST-1067	STR-PTK-02	Cash
TRX-100270	2024-03-28	01:29:10	CUST-1060	STR-PTK-01	Credit Card
TRX-100271	2024-03-30	00:43:27	CUST-0004	STR-SKW-01	Cash
TRX-100272	2024-04-15	13:49:49	CUST-1017	STR-STG-01	Credit Card
TRX-100273	2024-06-30	12:35:58	CUST-1037	STR-PTK-02	QRIS
TRX-100274	2024-08-08	20:07:03	CUST-1048	STR-STG-01	Cash
TRX-100275	2024-09-11	14:46:33	CUST-1007	STR-STG-01	Debit
TRX-100276	2024-10-10	21:28:06	CUST-1018	STR-PTK-02	QRIS
TRX-100277	2024-07-29	07:42:36	CUST-1046	STR-PTK-01	QRIS
TRX-100278	2024-10-09	11:54:47	CUST-1069	STR-PTK-01	QRIS
TRX-100279	2024-06-06	05:43:19	CUST-1044	STR-SKW-01	QRIS
TRX-100280	2024-02-02	04:56:46	CUST-1001	STR-PTK-02	Debit
TRX-100281	2024-03-20	13:35:07	CUST-1056	STR-SKW-01	Cash
TRX-100282	2024-03-09	12:47:13	CUST-1069	STR-SKW-01	Debit
TRX-100283	2024-06-21	19:55:12	CUST-1029	STR-PTK-02	Cash
TRX-100284	2024-10-05	06:33:47	CUST-1099	STR-SKW-01	Debit
TRX-100285	2024-01-13	10:29:31	CUST-1014	STR-STG-01	QRIS
TRX-100286	2024-06-28	06:49:03	CUST-1029	STR-SKW-01	Cash
TRX-100287	2024-06-29	12:51:36	CUST-1051	STR-SKW-01	Cash
TRX-100288	2024-04-22	18:10:09	CUST-1014	STR-SKW-01	Cash
TRX-100289	2024-07-31	13:03:41	CUST-1026	STR-PTK-01	QRIS
TRX-100290	2024-10-07	13:16:44	CUST-1048	STR-SKW-01	QRIS
TRX-100291	2024-02-29	16:22:24	CUST-1017	STR-STG-01	Credit Card
TRX-100292	2024-06-16	21:51:12	CUST-1066	STR-PTK-01	QRIS
TRX-100293	2024-09-07	12:18:06	CUST-1001	STR-PTK-02	QRIS
TRX-100294	2024-08-25	07:01:14	CUST-1093	STR-STG-01	Cash
TRX-100295	2024-03-30	09:40:18	CUST-1025	STR-PTK-02	QRIS
TRX-100296	2024-10-23	08:45:02	CUST-1065	STR-SKW-01	Cash
TRX-100297	2024-05-23	02:42:37	CUST-1001	STR-STG-01	QRIS
TRX-100298	2024-06-27	08:30:04	CUST-1030	STR-SKW-01	Cash
TRX-100299	2024-08-29	07:36:05	CUST-1025	STR-STG-01	QRIS
TRX-100300	2024-01-04	03:20:45	CUST-1023	STR-SKW-01	Cash
TRX-100301	2024-05-27	13:47:37	CUST-1044	STR-PTK-01	QRIS
TRX-100302	2024-04-25	07:33:35	CUST-1067	STR-PTK-01	QRIS
TRX-100303	2024-02-07	06:47:53	CUST-1006	STR-PTK-01	QRIS
TRX-100304	2024-06-01	05:12:16	CUST-1029	STR-PTK-01	Cash
TRX-100305	2024-07-24	04:01:22	CUST-1043	STR-SKW-01	QRIS
TRX-100306	2024-05-14	22:00:13	CUST-1037	STR-PTK-02	Cash
TRX-100307	2024-04-02	04:20:07	CUST-1080	STR-PTK-01	QRIS
TRX-100308	2024-09-07	15:47:47	CUST-1096	STR-SKW-01	QRIS
TRX-100309	2024-04-14	00:00:11	CUST-1087	STR-SKW-01	QRIS
TRX-100310	2024-04-17	14:41:26	CUST-1010	STR-PTK-01	QRIS
TRX-100311	2024-09-20	15:20:03	CUST-1029	STR-PTK-01	Cash
TRX-100312	2024-02-21	08:45:43	CUST-1052	STR-PTK-01	Cash
TRX-100313	2024-01-11	17:43:28	CUST-1028	STR-STG-01	QRIS
TRX-100314	2024-05-04	20:14:34	CUST-1070	STR-PTK-01	QRIS
TRX-100315	2024-01-17	06:04:22	CUST-1059	STR-STG-01	Cash
TRX-100316	2024-01-25	10:20:39	CUST-1015	STR-SKW-01	Cash
TRX-100317	2024-02-05	11:01:12	CUST-1087	STR-SKW-01	Debit
TRX-100318	2024-09-17	08:34:16	CUST-1039	STR-PTK-02	Cash
TRX-100319	2024-04-10	01:49:28	CUST-1010	STR-PTK-02	Debit
TRX-100320	2024-07-06	02:43:42	CUST-1085	STR-PTK-02	Cash
TRX-100321	2024-06-30	09:50:57	CUST-0005	STR-STG-01	Credit Card
TRX-100322	2024-04-04	07:44:17	CUST-1060	STR-PTK-02	Cash
TRX-100323	2024-02-29	05:49:41	CUST-1072	STR-STG-01	Cash
TRX-100324	2024-01-01	18:14:10	CUST-1019	STR-PTK-02	Debit
TRX-100325	2024-02-02	04:50:35	CUST-1049	STR-PTK-02	Debit
TRX-100326	2024-08-28	14:01:43	CUST-1004	STR-SKW-01	Cash
TRX-100327	2024-03-15	03:47:11	CUST-1011	STR-PTK-01	QRIS
TRX-100328	2024-02-12	15:29:26	CUST-1057	STR-PTK-02	Cash
TRX-100329	2024-04-16	22:43:00	CUST-1033	STR-PTK-01	Cash
TRX-100330	2024-07-02	02:02:55	CUST-1066	STR-PTK-02	Cash
TRX-100331	2024-07-29	22:03:14	CUST-1016	STR-PTK-02	Cash
TRX-100332	2024-04-26	10:52:00	CUST-1004	STR-PTK-02	QRIS
TRX-100333	2024-02-19	22:38:31	CUST-1075	STR-PTK-01	Debit
TRX-100334	2024-03-01	05:52:54	CUST-1077	STR-PTK-01	QRIS
TRX-100335	2024-05-01	16:27:26	CUST-1028	STR-STG-01	QRIS
TRX-100336	2024-05-14	03:47:19	CUST-1060	STR-STG-01	Debit
TRX-100337	2024-03-28	20:57:31	CUST-0004	STR-SKW-01	Cash
TRX-100338	2024-04-06	14:13:25	CUST-1051	STR-STG-01	QRIS
TRX-100339	2024-02-12	16:14:55	CUST-0001	STR-PTK-02	Cash
TRX-100340	2024-03-17	10:59:38	CUST-0004	STR-PTK-02	Cash
TRX-100341	2024-01-26	15:47:59	CUST-1046	STR-PTK-01	Cash
TRX-100342	2024-03-10	22:44:33	CUST-1000	STR-PTK-02	Debit
TRX-100343	2024-06-21	08:43:04	CUST-1083	STR-SKW-01	Cash
TRX-100344	2024-07-02	09:57:31	CUST-1076	STR-PTK-01	Cash
TRX-100345	2024-09-23	16:08:25	CUST-1070	STR-SKW-01	QRIS
TRX-100346	2024-06-25	19:42:50	CUST-1055	STR-PTK-01	Cash
TRX-100347	2024-07-31	07:26:59	CUST-1012	STR-STG-01	QRIS
TRX-100348	2024-07-01	20:34:32	CUST-1066	STR-PTK-02	QRIS
TRX-100349	2024-06-05	07:31:31	CUST-1045	STR-PTK-02	QRIS
TRX-100350	2024-09-15	13:35:35	CUST-1028	STR-SKW-01	Debit
TRX-100351	2024-01-18	10:47:06	CUST-1036	STR-STG-01	Cash
TRX-100352	2024-06-27	14:19:10	CUST-1047	STR-PTK-01	QRIS
TRX-100353	2024-06-28	16:16:13	CUST-1051	STR-SKW-01	Cash
TRX-100354	2024-02-10	10:06:43	CUST-1097	STR-PTK-02	QRIS
TRX-100355	2024-04-08	05:57:34	CUST-1032	STR-PTK-01	Credit Card
TRX-100356	2024-10-16	21:58:02	CUST-1073	STR-SKW-01	Cash
TRX-100357	2024-07-04	13:43:17	CUST-1096	STR-STG-01	Credit Card
TRX-100358	2024-02-26	12:47:04	CUST-1070	STR-SKW-01	Debit
TRX-100359	2024-10-14	02:43:27	CUST-1083	STR-PTK-02	Cash
TRX-100360	2024-02-13	21:56:17	CUST-1033	STR-PTK-02	Debit
TRX-100361	2024-05-18	06:05:45	CUST-1030	STR-PTK-02	Cash
TRX-100362	2024-10-10	12:08:01	CUST-1022	STR-SKW-01	QRIS
TRX-100363	2024-01-13	21:25:52	CUST-1049	STR-PTK-02	QRIS
TRX-100364	2024-02-16	06:51:23	CUST-1017	STR-PTK-01	Debit
TRX-100365	2024-09-17	15:09:08	CUST-1048	STR-PTK-01	QRIS
TRX-100366	2024-01-20	03:50:31	CUST-1065	STR-PTK-02	QRIS
TRX-100367	2024-04-18	00:23:26	CUST-1099	STR-PTK-01	Debit
TRX-100368	2024-02-09	23:02:51	CUST-1058	STR-PTK-02	QRIS
TRX-100369	2024-10-19	17:40:20	CUST-1034	STR-PTK-01	Cash
TRX-100370	2024-01-08	19:33:28	CUST-1056	STR-SKW-01	Cash
TRX-100371	2024-08-09	04:45:38	CUST-1084	STR-SKW-01	Cash
TRX-100372	2024-10-19	00:27:04	CUST-1008	STR-PTK-02	QRIS
TRX-100373	2024-06-22	08:31:11	CUST-1047	STR-STG-01	Credit Card
TRX-100374	2024-08-10	21:54:20	CUST-1055	STR-PTK-01	QRIS
TRX-100375	2024-07-18	18:30:54	CUST-0003	STR-SKW-01	Cash
TRX-100376	2024-04-27	10:12:21	CUST-1007	STR-PTK-01	Credit Card
TRX-100377	2024-05-23	20:33:34	CUST-1089	STR-PTK-02	QRIS
TRX-100378	2024-09-12	08:29:49	CUST-1056	STR-PTK-01	Debit
TRX-100379	2024-03-10	21:12:21	CUST-1029	STR-STG-01	QRIS
TRX-100380	2024-02-05	08:45:10	CUST-1078	STR-SKW-01	Debit
TRX-100381	2024-06-02	17:27:11	CUST-1076	STR-PTK-02	QRIS
TRX-100382	2024-07-26	16:20:05	CUST-1014	STR-PTK-02	QRIS
TRX-100383	2024-03-22	19:54:05	CUST-1066	STR-SKW-01	Cash
TRX-100384	2024-06-14	08:23:02	CUST-1063	STR-SKW-01	Debit
TRX-100385	2024-06-06	15:05:43	CUST-1095	STR-SKW-01	Debit
TRX-100386	2024-04-04	11:34:55	CUST-1062	STR-PTK-01	QRIS
TRX-100387	2024-08-08	22:19:32	CUST-1060	STR-PTK-01	Debit
TRX-100388	2024-03-29	09:30:21	CUST-1077	STR-SKW-01	QRIS
TRX-100389	2024-03-14	21:50:43	CUST-1031	STR-PTK-01	QRIS
TRX-100390	2024-08-15	00:28:36	CUST-0005	STR-PTK-02	Cash
TRX-100391	2024-05-27	06:12:40	CUST-1028	STR-PTK-02	Debit
TRX-100392	2024-06-18	09:34:15	CUST-1060	STR-STG-01	Debit
TRX-100393	2024-02-20	23:53:39	CUST-1055	STR-SKW-01	Cash
TRX-100394	2024-10-17	01:38:52	CUST-1006	STR-SKW-01	Cash
TRX-100395	2024-05-22	23:45:45	CUST-1030	STR-SKW-01	Cash
TRX-100396	2024-03-11	20:11:00	CUST-1083	STR-SKW-01	Debit
TRX-100397	2024-10-10	13:31:45	CUST-1021	STR-PTK-01	QRIS
TRX-100398	2024-02-20	15:22:14	CUST-1091	STR-PTK-01	Cash
TRX-100399	2024-03-13	06:09:40	CUST-1014	STR-PTK-02	QRIS
TRX-100400	2024-05-18	19:37:19	CUST-1059	STR-PTK-01	Cash
TRX-100401	2024-09-23	15:35:26	CUST-1097	STR-SKW-01	Cash
TRX-100402	2024-03-18	12:19:27	CUST-1096	STR-PTK-02	Cash
TRX-100403	2024-03-05	22:08:00	CUST-0002	STR-PTK-02	Debit
TRX-100404	2024-02-27	00:45:23	CUST-1018	STR-STG-01	Debit
TRX-100405	2024-08-12	23:32:25	CUST-1025	STR-PTK-01	QRIS
TRX-100406	2024-08-09	21:28:36	CUST-1068	STR-PTK-02	Debit
TRX-100407	2024-08-03	01:05:58	CUST-1038	STR-STG-01	Debit
TRX-100408	2024-08-01	12:39:54	CUST-1095	STR-SKW-01	QRIS
TRX-100409	2024-01-01	19:18:41	CUST-1045	STR-STG-01	Cash
TRX-100410	2024-06-26	23:52:01	CUST-1087	STR-PTK-02	QRIS
TRX-100411	2024-05-27	06:17:13	CUST-1055	STR-PTK-01	Cash
TRX-100412	2024-03-21	03:22:38	CUST-1064	STR-PTK-01	Cash
TRX-100413	2024-08-11	13:35:29	CUST-1014	STR-SKW-01	QRIS
TRX-100414	2024-07-03	14:03:24	CUST-1011	STR-PTK-02	QRIS
TRX-100415	2024-05-15	14:12:36	CUST-1004	STR-STG-01	Cash
TRX-100416	2024-02-18	00:21:26	CUST-1041	STR-PTK-01	Cash
TRX-100417	2024-03-12	00:04:52	CUST-0005	STR-SKW-01	QRIS
TRX-100418	2024-06-29	08:07:09	CUST-1050	STR-SKW-01	QRIS
TRX-100419	2024-09-28	21:23:24	CUST-1017	STR-PTK-02	Credit Card
TRX-100420	2024-04-11	01:46:43	CUST-1070	STR-SKW-01	Debit
TRX-100421	2024-08-10	15:02:32	CUST-1031	STR-PTK-01	Cash
TRX-100422	2024-08-13	13:01:12	CUST-1007	STR-SKW-01	QRIS
TRX-100423	2024-05-04	18:53:31	CUST-1096	STR-STG-01	Cash
TRX-100424	2024-07-17	23:19:15	CUST-1018	STR-PTK-01	Cash
TRX-100425	2024-10-16	03:29:44	CUST-1078	STR-PTK-01	Cash
TRX-100426	2024-09-30	14:52:55	CUST-1063	STR-STG-01	Cash
TRX-100427	2024-07-08	13:23:40	CUST-1082	STR-SKW-01	Debit
TRX-100428	2024-02-04	14:36:54	CUST-1082	STR-PTK-02	QRIS
TRX-100429	2024-03-19	10:27:25	CUST-1070	STR-STG-01	Cash
TRX-100430	2024-08-08	18:49:31	CUST-1070	STR-STG-01	Cash
TRX-100431	2024-03-25	10:38:02	CUST-1069	STR-STG-01	Cash
TRX-100432	2024-01-24	11:16:29	CUST-1066	STR-PTK-01	Cash
TRX-100433	2024-06-03	14:00:29	CUST-1009	STR-SKW-01	QRIS
TRX-100434	2024-02-23	04:49:07	CUST-1074	STR-SKW-01	QRIS
TRX-100435	2024-08-31	17:32:41	CUST-1006	STR-PTK-01	Cash
TRX-100436	2024-04-09	18:32:18	CUST-0001	STR-PTK-02	QRIS
TRX-100437	2024-09-18	21:40:47	CUST-1012	STR-SKW-01	Cash
TRX-100438	2024-01-23	13:15:30	CUST-1018	STR-PTK-02	QRIS
TRX-100439	2024-08-22	02:29:53	CUST-1014	STR-PTK-01	Cash
TRX-100440	2024-06-17	14:24:55	CUST-0004	STR-PTK-02	Debit
TRX-100441	2024-07-18	14:13:35	CUST-1010	STR-STG-01	Cash
TRX-100442	2024-07-03	06:16:27	CUST-1069	STR-PTK-01	Cash
TRX-100443	2024-10-05	11:32:24	CUST-1086	STR-PTK-02	Cash
TRX-100444	2024-07-14	14:57:40	CUST-1093	STR-SKW-01	QRIS
TRX-100445	2024-01-18	08:39:38	CUST-1021	STR-PTK-02	Debit
TRX-100446	2024-01-14	09:40:03	CUST-1016	STR-PTK-01	Cash
TRX-100447	2024-06-27	10:31:05	CUST-1028	STR-PTK-02	Cash
TRX-100448	2024-04-06	01:09:41	CUST-1027	STR-STG-01	QRIS
TRX-100449	2024-06-11	06:51:27	CUST-1008	STR-PTK-01	Cash
TRX-100450	2024-10-23	18:21:06	CUST-1026	STR-SKW-01	Debit
TRX-100451	2024-04-27	20:55:46	CUST-0005	STR-STG-01	QRIS
TRX-100452	2024-07-29	14:54:15	CUST-1072	STR-STG-01	QRIS
TRX-100453	2024-02-05	18:21:43	CUST-1001	STR-STG-01	Cash
TRX-100454	2024-04-22	17:55:51	CUST-1022	STR-SKW-01	Cash
TRX-100455	2024-07-17	11:29:25	CUST-0003	STR-STG-01	Cash
TRX-100456	2024-10-22	08:54:55	CUST-1036	STR-STG-01	Cash
TRX-100457	2024-02-16	22:17:50	CUST-1048	STR-PTK-01	QRIS
TRX-100458	2024-04-13	12:40:52	CUST-1082	STR-PTK-01	QRIS
TRX-100459	2024-02-06	15:58:46	CUST-1022	STR-SKW-01	Debit
TRX-100460	2024-09-05	20:57:36	CUST-1047	STR-PTK-02	QRIS
TRX-100461	2024-07-21	15:32:18	CUST-1083	STR-PTK-02	QRIS
TRX-100462	2024-06-09	09:03:19	CUST-1090	STR-PTK-01	QRIS
TRX-100463	2024-01-15	23:00:29	CUST-1006	STR-PTK-02	Debit
TRX-100464	2024-10-30	11:03:51	CUST-0005	STR-PTK-01	Cash
TRX-100465	2024-04-04	01:00:18	CUST-1096	STR-SKW-01	Cash
TRX-100466	2024-08-08	08:44:03	CUST-1080	STR-STG-01	Cash
TRX-100467	2024-05-18	06:58:09	CUST-1001	STR-PTK-01	Cash
TRX-100468	2024-03-25	16:36:30	CUST-1049	STR-SKW-01	Debit
TRX-100469	2024-10-02	10:28:57	CUST-1026	STR-STG-01	QRIS
TRX-100470	2024-05-18	00:15:25	CUST-1022	STR-STG-01	QRIS
TRX-100471	2024-04-16	21:18:57	CUST-1040	STR-PTK-01	Cash
TRX-100472	2024-08-23	20:07:17	CUST-1061	STR-SKW-01	QRIS
TRX-100473	2024-01-02	03:48:17	CUST-1083	STR-PTK-01	Cash
TRX-100474	2024-07-27	08:37:02	CUST-1081	STR-SKW-01	Cash
TRX-100475	2024-09-28	16:23:37	CUST-1072	STR-PTK-01	QRIS
TRX-100476	2024-05-18	15:44:46	CUST-1067	STR-PTK-02	Debit
TRX-100477	2024-06-08	21:28:25	CUST-1040	STR-STG-01	Debit
TRX-100478	2024-04-22	19:20:51	CUST-1071	STR-PTK-02	Cash
TRX-100479	2024-06-20	10:57:42	CUST-1008	STR-SKW-01	QRIS
TRX-100480	2024-02-02	19:51:41	CUST-1016	STR-PTK-02	QRIS
TRX-100481	2024-02-13	10:56:16	CUST-1017	STR-SKW-01	Cash
TRX-100482	2024-05-17	23:30:18	CUST-1016	STR-STG-01	Cash
TRX-100483	2024-07-10	21:31:49	CUST-1024	STR-SKW-01	Cash
TRX-100484	2024-04-25	07:26:27	CUST-1002	STR-STG-01	Cash
TRX-100485	2024-03-12	18:14:36	CUST-1004	STR-PTK-02	Cash
TRX-100486	2024-06-12	04:06:11	CUST-1095	STR-STG-01	Debit
TRX-100487	2024-09-29	06:44:55	CUST-1041	STR-PTK-01	QRIS
TRX-100488	2024-08-18	16:31:53	CUST-1091	STR-PTK-02	QRIS
TRX-100489	2024-05-17	20:25:53	CUST-1005	STR-SKW-01	Credit Card
TRX-100490	2024-03-08	18:44:26	CUST-1092	STR-PTK-01	Cash
TRX-100491	2024-02-20	23:35:50	CUST-1014	STR-PTK-01	Cash
TRX-100492	2024-03-30	18:35:48	CUST-1061	STR-PTK-01	Cash
TRX-100493	2024-01-22	22:33:30	CUST-1025	STR-STG-01	Debit
TRX-100494	2024-01-10	12:02:22	CUST-1009	STR-SKW-01	QRIS
TRX-100495	2024-06-13	20:06:47	CUST-1079	STR-SKW-01	QRIS
TRX-100496	2024-02-13	02:28:07	CUST-1097	STR-PTK-02	Debit
TRX-100497	2024-05-31	22:35:54	CUST-1050	STR-SKW-01	QRIS
TRX-100498	2024-07-09	05:24:34	CUST-1011	STR-PTK-01	Cash
TRX-100499	2024-01-16	23:03:59	CUST-1055	STR-STG-01	Cash
\.


--
-- Data for Name: tb_stores; Type: TABLE DATA; Schema: public; Owner: postgres
--

COPY public.tb_stores (store_id, nama_toko, kota, tipe_toko) FROM stdin;
STR-PTK-01	Enggang Ritel Ayani	Pontianak	Minimarket
STR-PTK-02	Enggang Ritel Tanjungpura	Pontianak	Minimarket
STR-STG-01	Enggang Ritel Lintas Melawi	Sintang	Minimarket
STR-SKW-01	Enggang Ritel Pasiran	Singkawang	Minimarket
DC-PTK-01	Pusat Distribusi Kubu Raya	Pontianak	Distribusi
\.


--
-- Name: tb_sales_details_detail_id_seq; Type: SEQUENCE SET; Schema: public; Owner: postgres
--

SELECT pg_catalog.setval('public.tb_sales_details_detail_id_seq', 1249, true);


--
-- Name: tb_customers tb_customers_pkey; Type: CONSTRAINT; Schema: public; Owner: postgres
--

ALTER TABLE ONLY public.tb_customers
    ADD CONSTRAINT tb_customers_pkey PRIMARY KEY (customer_id);


--
-- Name: tb_products tb_products_pkey; Type: CONSTRAINT; Schema: public; Owner: postgres
--

ALTER TABLE ONLY public.tb_products
    ADD CONSTRAINT tb_products_pkey PRIMARY KEY (product_id);


--
-- Name: tb_products tb_products_sku_key; Type: CONSTRAINT; Schema: public; Owner: postgres
--

ALTER TABLE ONLY public.tb_products
    ADD CONSTRAINT tb_products_sku_key UNIQUE (sku);


--
-- Name: tb_sales_details tb_sales_details_pkey; Type: CONSTRAINT; Schema: public; Owner: postgres
--

ALTER TABLE ONLY public.tb_sales_details
    ADD CONSTRAINT tb_sales_details_pkey PRIMARY KEY (detail_id);


--
-- Name: tb_sales_headers tb_sales_headers_pkey; Type: CONSTRAINT; Schema: public; Owner: postgres
--

ALTER TABLE ONLY public.tb_sales_headers
    ADD CONSTRAINT tb_sales_headers_pkey PRIMARY KEY (transaction_id);


--
-- Name: tb_stores tb_stores_pkey; Type: CONSTRAINT; Schema: public; Owner: postgres
--

ALTER TABLE ONLY public.tb_stores
    ADD CONSTRAINT tb_stores_pkey PRIMARY KEY (store_id);


--
-- Name: tb_sales_details tb_sales_details_product_id_fkey; Type: FK CONSTRAINT; Schema: public; Owner: postgres
--

ALTER TABLE ONLY public.tb_sales_details
    ADD CONSTRAINT tb_sales_details_product_id_fkey FOREIGN KEY (product_id) REFERENCES public.tb_products(product_id);


--
-- Name: tb_sales_details tb_sales_details_transaction_id_fkey; Type: FK CONSTRAINT; Schema: public; Owner: postgres
--

ALTER TABLE ONLY public.tb_sales_details
    ADD CONSTRAINT tb_sales_details_transaction_id_fkey FOREIGN KEY (transaction_id) REFERENCES public.tb_sales_headers(transaction_id) ON DELETE CASCADE;


--
-- Name: tb_sales_headers tb_sales_headers_customer_id_fkey; Type: FK CONSTRAINT; Schema: public; Owner: postgres
--

ALTER TABLE ONLY public.tb_sales_headers
    ADD CONSTRAINT tb_sales_headers_customer_id_fkey FOREIGN KEY (customer_id) REFERENCES public.tb_customers(customer_id);


--
-- Name: tb_sales_headers tb_sales_headers_store_id_fkey; Type: FK CONSTRAINT; Schema: public; Owner: postgres
--

ALTER TABLE ONLY public.tb_sales_headers
    ADD CONSTRAINT tb_sales_headers_store_id_fkey FOREIGN KEY (store_id) REFERENCES public.tb_stores(store_id);


--
-- PostgreSQL database dump complete
--

\unrestrict iiPPDelm321KYdsOAB9YVL3NJMnz5cncjxSj1wZnr9blylKJSYgf43xxq1Nlum4

